feature_id,rank,token_id,token_display,token_repr,activation,feature_sets,label_categories,audit_token_summaries,refined_description,description_confidence,description_caveat
f36,1,47881, mosquito,' mosquito',0.66068834,main bug panels; fixed-token context panels,semantic_coherent,mosquito/mosquitoes/insect; mosquito/mosquitoes,"Mosquito/insect lexical family dominated by mosquito variants, with broader insect and disease-vector spillover.",high,
f36,2,79267, mosquitoes,' mosquitoes',0.39234146,main bug panels; fixed-token context panels,semantic_coherent,mosquito/mosquitoes/insect; mosquito/mosquitoes,"Mosquito/insect lexical family dominated by mosquito variants, with broader insect and disease-vector spillover.",high,
f36,3,12202, Mos,' Mos',0.25064144,main bug panels; fixed-token context panels,semantic_coherent,mosquito/mosquitoes/insect; mosquito/mosquitoes,"Mosquito/insect lexical family dominated by mosquito variants, with broader insect and disease-vector spillover.",high,
f36,4,73696,Mos,'Mos',0.23184404,main bug panels; fixed-token context panels,semantic_coherent,mosquito/mosquitoes/insect; mosquito/mosquitoes,"Mosquito/insect lexical family dominated by mosquito variants, with broader insect and disease-vector spillover.",high,
f36,5,21982, mos,' mos',0.19687584,main bug panels; fixed-token context panels,semantic_coherent,mosquito/mosquitoes/insect; mosquito/mosquitoes,"Mosquito/insect lexical family dominated by mosquito variants, with broader insect and disease-vector spillover.",high,
f36,6,139465,蚊虫,'蚊虫',0.17226493,main bug panels; fixed-token context panels,semantic_coherent,mosquito/mosquitoes/insect; mosquito/mosquitoes,"Mosquito/insect lexical family dominated by mosquito variants, with broader insect and disease-vector spillover.",high,
f36,7,25158, insect,' insect',0.17102194,main bug panels; fixed-token context panels,semantic_coherent,mosquito/mosquitoes/insect; mosquito/mosquitoes,"Mosquito/insect lexical family dominated by mosquito variants, with broader insect and disease-vector spillover.",high,
f36,8,101363,蚊,'蚊',0.15214685,main bug panels; fixed-token context panels,semantic_coherent,mosquito/mosquitoes/insect; mosquito/mosquitoes,"Mosquito/insect lexical family dominated by mosquito variants, with broader insect and disease-vector spillover.",high,
f36,9,121582,蚊子,'蚊子',0.14163512,main bug panels; fixed-token context panels,semantic_coherent,mosquito/mosquitoes/insect; mosquito/mosquitoes,"Mosquito/insect lexical family dominated by mosquito variants, with broader insect and disease-vector spillover.",high,
f36,10,225472, muỗi,' muỗi',0.13280076,main bug panels; fixed-token context panels,semantic_coherent,mosquito/mosquitoes/insect; mosquito/mosquitoes,"Mosquito/insect lexical family dominated by mosquito variants, with broader insect and disease-vector spillover.",high,
f36,11,70590, MOS,' MOS',0.13263223,main bug panels; fixed-token context panels,semantic_coherent,mosquito/mosquitoes/insect; mosquito/mosquitoes,"Mosquito/insect lexical family dominated by mosquito variants, with broader insect and disease-vector spillover.",high,
f36,12,92541, flea,' flea',0.11670304,main bug panels; fixed-token context panels,semantic_coherent,mosquito/mosquitoes/insect; mosquito/mosquitoes,"Mosquito/insect lexical family dominated by mosquito variants, with broader insect and disease-vector spillover.",high,
f36,13,196672, мос,' мос',0.11480022,main bug panels; fixed-token context panels,semantic_coherent,mosquito/mosquitoes/insect; mosquito/mosquitoes,"Mosquito/insect lexical family dominated by mosquito variants, with broader insect and disease-vector spillover.",high,
f36,14,39739,quito,'quito',0.11261535,main bug panels; fixed-token context panels,semantic_coherent,mosquito/mosquitoes/insect; mosquito/mosquitoes,"Mosquito/insect lexical family dominated by mosquito variants, with broader insect and disease-vector spillover.",high,
f36,15,8367,mos,'mos',0.10921688,main bug panels; fixed-token context panels,semantic_coherent,mosquito/mosquitoes/insect; mosquito/mosquitoes,"Mosquito/insect lexical family dominated by mosquito variants, with broader insect and disease-vector spillover.",high,
f36,16,65860, malaria,' malaria',0.10636144,main bug panels; fixed-token context panels,semantic_coherent,mosquito/mosquitoes/insect; mosquito/mosquitoes,"Mosquito/insect lexical family dominated by mosquito variants, with broader insect and disease-vector spillover.",high,
f36,17,9584, bug,' bug',0.10616183,main bug panels; fixed-token context panels,semantic_coherent,mosquito/mosquitoes/insect; mosquito/mosquitoes,"Mosquito/insect lexical family dominated by mosquito variants, with broader insect and disease-vector spillover.",high,
f36,18,29505, Bug,' Bug',0.10075980,main bug panels; fixed-token context panels,semantic_coherent,mosquito/mosquitoes/insect; mosquito/mosquitoes,"Mosquito/insect lexical family dominated by mosquito variants, with broader insect and disease-vector spillover.",high,
f36,19,93732, moth,' moth',0.09856463,main bug panels; fixed-token context panels,semantic_coherent,mosquito/mosquitoes/insect; mosquito/mosquitoes,"Mosquito/insect lexical family dominated by mosquito variants, with broader insect and disease-vector spillover.",high,
f36,20,208436, deng,' deng',0.09657795,main bug panels; fixed-token context panels,semantic_coherent,mosquito/mosquitoes/insect; mosquito/mosquitoes,"Mosquito/insect lexical family dominated by mosquito variants, with broader insect and disease-vector spillover.",high,
f104,1,14467, institution,' institution',0.48401311,technical context stress,nonsemantic_or_ambiguous,institution,"Institution or organization lexical family; coherent tokens, but not a specific graph/data-structure explanation in the audited panel.",medium,navigation-only in audit
f104,2,41446, Institution,' Institution',0.25828558,technical context stress,nonsemantic_or_ambiguous,institution,"Institution or organization lexical family; coherent tokens, but not a specific graph/data-structure explanation in the audited panel.",medium,navigation-only in audit
f104,3,78506,institution,'institution',0.22696608,technical context stress,nonsemantic_or_ambiguous,institution,"Institution or organization lexical family; coherent tokens, but not a specific graph/data-structure explanation in the audited panel.",medium,navigation-only in audit
f104,4,13924, institutions,' institutions',0.17620745,technical context stress,nonsemantic_or_ambiguous,institution,"Institution or organization lexical family; coherent tokens, but not a specific graph/data-structure explanation in the audited panel.",medium,navigation-only in audit
f104,5,191763, institución,' institución',0.15019953,technical context stress,nonsemantic_or_ambiguous,institution,"Institution or organization lexical family; coherent tokens, but not a specific graph/data-structure explanation in the audited panel.",medium,navigation-only in audit
f104,6,31073, institutional,' institutional',0.13840017,technical context stress,nonsemantic_or_ambiguous,institution,"Institution or organization lexical family; coherent tokens, but not a specific graph/data-structure explanation in the audited panel.",medium,navigation-only in audit
f104,7,42251, institute,' institute',0.13688365,technical context stress,nonsemantic_or_ambiguous,institution,"Institution or organization lexical family; coherent tokens, but not a specific graph/data-structure explanation in the audited panel.",medium,navigation-only in audit
f104,8,20767, organisation,' organisation',0.12851501,technical context stress,nonsemantic_or_ambiguous,institution,"Institution or organization lexical family; coherent tokens, but not a specific graph/data-structure explanation in the audited panel.",medium,navigation-only in audit
f104,9,7091, organization,' organization',0.12601039,technical context stress,nonsemantic_or_ambiguous,institution,"Institution or organization lexical family; coherent tokens, but not a specific graph/data-structure explanation in the audited panel.",medium,navigation-only in audit
f104,10,84753, Institutions,' Institutions',0.12468579,technical context stress,nonsemantic_or_ambiguous,institution,"Institution or organization lexical family; coherent tokens, but not a specific graph/data-structure explanation in the audited panel.",medium,navigation-only in audit
f104,11,192303, instituição,' instituição',0.12246243,technical context stress,nonsemantic_or_ambiguous,institution,"Institution or organization lexical family; coherent tokens, but not a specific graph/data-structure explanation in the audited panel.",medium,navigation-only in audit
f104,12,4655, profession,' profession',0.11628456,technical context stress,nonsemantic_or_ambiguous,institution,"Institution or organization lexical family; coherent tokens, but not a specific graph/data-structure explanation in the audited panel.",medium,navigation-only in audit
f104,13,166699, istit,' istit',0.10888001,technical context stress,nonsemantic_or_ambiguous,institution,"Institution or organization lexical family; coherent tokens, but not a specific graph/data-structure explanation in the audited panel.",medium,navigation-only in audit
f104,14,97191,机构,'机构',0.09955364,technical context stress,nonsemantic_or_ambiguous,institution,"Institution or organization lexical family; coherent tokens, but not a specific graph/data-structure explanation in the audited panel.",medium,navigation-only in audit
f104,15,6331, situation,' situation',0.09375589,technical context stress,nonsemantic_or_ambiguous,institution,"Institution or organization lexical family; coherent tokens, but not a specific graph/data-structure explanation in the audited panel.",medium,navigation-only in audit
f104,16,25817, corporation,' corporation',0.09349837,technical context stress,nonsemantic_or_ambiguous,institution,"Institution or organization lexical family; coherent tokens, but not a specific graph/data-structure explanation in the audited panel.",medium,navigation-only in audit
f104,17,6777, nation,' nation',0.08856478,technical context stress,nonsemantic_or_ambiguous,institution,"Institution or organization lexical family; coherent tokens, but not a specific graph/data-structure explanation in the audited panel.",medium,navigation-only in audit
f104,18,5219, entity,' entity',0.08342142,technical context stress,nonsemantic_or_ambiguous,institution,"Institution or organization lexical family; coherent tokens, but not a specific graph/data-structure explanation in the audited panel.",medium,navigation-only in audit
f104,19,30315, empire,' empire',0.08291929,technical context stress,nonsemantic_or_ambiguous,institution,"Institution or organization lexical family; coherent tokens, but not a specific graph/data-structure explanation in the audited panel.",medium,navigation-only in audit
f104,20,13736, instrument,' instrument',0.08236140,technical context stress,nonsemantic_or_ambiguous,institution,"Institution or organization lexical family; coherent tokens, but not a specific graph/data-structure explanation in the audited panel.",medium,navigation-only in audit
f254,1,303, in,' in',0.43265080,general readout examples,token_form_artifact,in,Multilingual preposition/function-word feature centered on in/on/at-like tokens.,high,token-form artifact
f254,2,74631, في,' في',0.27066430,general readout examples,token_form_artifact,in,Multilingual preposition/function-word feature centered on in/on/at-like tokens.,high,token-form artifact
f254,3,5624, в,' в',0.25624594,general readout examples,token_form_artifact,in,Multilingual preposition/function-word feature centered on in/on/at-like tokens.,high,token-form artifact
f254,4,66747, trong,' trong',0.25402698,general readout examples,token_form_artifact,in,Multilingual preposition/function-word feature centered on in/on/at-like tokens.,high,token-form artifact
f254,5,17976, în,' în',0.24051425,general readout examples,token_form_artifact,in,Multilingual preposition/function-word feature centered on in/on/at-like tokens.,high,token-form artifact
f254,6,28818, dalam,' dalam',0.23699683,general readout examples,token_form_artifact,in,Multilingual preposition/function-word feature centered on in/on/at-like tokens.,high,token-form artifact
f254,7,733, In,' In',0.19768941,general readout examples,token_form_artifact,in,Multilingual preposition/function-word feature centered on in/on/at-like tokens.,high,token-form artifact
f254,8,148332,ใน,'ใน',0.19705474,general readout examples,token_form_artifact,in,Multilingual preposition/function-word feature centered on in/on/at-like tokens.,high,token-form artifact
f254,9,383, on,' on',0.19177669,general readout examples,token_form_artifact,in,Multilingual preposition/function-word feature centered on in/on/at-like tokens.,high,token-form artifact
f254,10,74213, در,' در',0.18608686,general readout examples,token_form_artifact,in,Multilingual preposition/function-word feature centered on in/on/at-like tokens.,high,token-form artifact
f254,11,506, at,' at',0.18337122,general readout examples,token_form_artifact,in,Multilingual preposition/function-word feature centered on in/on/at-like tokens.,high,token-form artifact
f254,12,16914,\tin,'\tin',0.18133137,general readout examples,token_form_artifact,in,Multilingual preposition/function-word feature centered on in/on/at-like tokens.,high,token-form artifact
f254,13,1201,_in,'_in',0.17598462,general readout examples,token_form_artifact,in,Multilingual preposition/function-word feature centered on in/on/at-like tokens.,high,token-form artifact
f254,14,170585, σε,' σε',0.17052627,general readout examples,token_form_artifact,in,Multilingual preposition/function-word feature centered on in/on/at-like tokens.,high,token-form artifact
f254,15,1897, IN,' IN',0.16662437,general readout examples,token_form_artifact,in,Multilingual preposition/function-word feature centered on in/on/at-like tokens.,high,token-form artifact
f254,16,170196, Trong,' Trong',0.16647950,general readout examples,token_form_artifact,in,Multilingual preposition/function-word feature centered on in/on/at-like tokens.,high,token-form artifact
f254,17,494, from,' from',0.15863079,general readout examples,token_form_artifact,in,Multilingual preposition/function-word feature centered on in/on/at-like tokens.,high,token-form artifact
f254,18,440, with,' with',0.15829146,general readout examples,token_form_artifact,in,Multilingual preposition/function-word feature centered on in/on/at-like tokens.,high,token-form artifact
f254,19,264, a,' a',0.15777710,general readout examples,token_form_artifact,in,Multilingual preposition/function-word feature centered on in/on/at-like tokens.,high,token-form artifact
f254,20,623,In,'In',0.15739262,general readout examples,token_form_artifact,in,Multilingual preposition/function-word feature centered on in/on/at-like tokens.,high,token-form artifact
f786,1,11,",","','",0.33696550,general readout examples,token_form_artifact,punctuation,Comma and punctuation surface-form feature.,high,token-form artifact
f786,2,66459,،,'،',0.16660301,general readout examples,token_form_artifact,punctuation,Comma and punctuation surface-form feature.,high,token-form artifact
f786,3,13,.,'.',0.14480454,general readout examples,token_form_artifact,punctuation,Comma and punctuation surface-form feature.,high,token-form artifact
f786,4,1116," ,","' ,'",0.14205673,general readout examples,token_form_artifact,punctuation,Comma and punctuation surface-form feature.,high,token-form artifact
f786,5,504,"',","""',""",0.13678353,general readout examples,token_form_artifact,punctuation,Comma and punctuation surface-form feature.,high,token-form artifact
f786,6,25,:,':',0.13210741,general readout examples,token_form_artifact,punctuation,Comma and punctuation surface-form feature.,high,token-form artifact
f786,7,3709,，,'，',0.13186079,general readout examples,token_form_artifact,punctuation,Comma and punctuation surface-form feature.,high,token-form artifact
f786,8,2800,",'",""",'""",0.12649977,general readout examples,token_form_artifact,punctuation,Comma and punctuation surface-form feature.,high,token-form artifact
f786,9,25427,",\","',\\'",0.12585869,general readout examples,token_form_artifact,punctuation,Comma and punctuation surface-form feature.,high,token-form artifact
f786,10,26,;,';',0.12298341,general readout examples,token_form_artifact,punctuation,Comma and punctuation surface-form feature.,high,token-form artifact
f786,11,10316,",,","',,'",0.11860789,general readout examples,token_form_artifact,punctuation,Comma and punctuation surface-form feature.,high,token-form artifact
f786,12,10355,",s","',s'",0.11487727,general readout examples,token_form_artifact,punctuation,Comma and punctuation surface-form feature.,high,token-form artifact
f786,13,1453,"(),","'(),'",0.11097333,general readout examples,token_form_artifact,punctuation,Comma and punctuation surface-form feature.,high,token-form artifact
f786,14,8142,",b","',b'",0.11061798,general readout examples,token_form_artifact,punctuation,Comma and punctuation surface-form feature.,high,token-form artifact
f786,15,2487,".,","'.,'",0.10950622,general readout examples,token_form_artifact,punctuation,Comma and punctuation surface-form feature.,high,token-form artifact
f786,16,1288,",""","',""'",0.10836479,general readout examples,token_form_artifact,punctuation,Comma and punctuation surface-form feature.,high,token-form artifact
f786,17,681,"),","'),'",0.10790613,general readout examples,token_form_artifact,punctuation,Comma and punctuation surface-form feature.,high,token-form artifact
f786,18,14577,",a","',a'",0.10561231,general readout examples,token_form_artifact,punctuation,Comma and punctuation surface-form feature.,high,token-form artifact
f786,19,12579,",(","',('",0.10296236,general readout examples,token_form_artifact,punctuation,Comma and punctuation surface-form feature.,high,token-form artifact
f786,20,16749,",[","',['",0.10293916,general readout examples,token_form_artifact,punctuation,Comma and punctuation surface-form feature.,high,token-form artifact
f1070,1,24197, hybrid,' hybrid',0.47365049,fixed-token context panels,nonsemantic_or_ambiguous,hybrid,Hybrid/mixed lexical family across languages; semantically coherent but only weakly tied to the local bridge/network target.,medium,navigation-only in audit
f1070,2,47955, Hybrid,' Hybrid',0.38674414,fixed-token context panels,nonsemantic_or_ambiguous,hybrid,Hybrid/mixed lexical family across languages; semantically coherent but only weakly tied to the local bridge/network target.,medium,navigation-only in audit
f1070,3,231441, híbr,' híbr',0.32135978,fixed-token context panels,nonsemantic_or_ambiguous,hybrid,Hybrid/mixed lexical family across languages; semantically coherent but only weakly tied to the local bridge/network target.,medium,navigation-only in audit
f1070,4,214264, hybr,' hybr',0.32057208,fixed-token context panels,nonsemantic_or_ambiguous,hybrid,Hybrid/mixed lexical family across languages; semantically coherent but only weakly tied to the local bridge/network target.,medium,navigation-only in audit
f1070,5,230204, гибри,' гибри',0.31516120,fixed-token context panels,nonsemantic_or_ambiguous,hybrid,Hybrid/mixed lexical family across languages; semantically coherent but only weakly tied to the local bridge/network target.,medium,navigation-only in audit
f1070,6,92781, hybrids,' hybrids',0.30602914,fixed-token context panels,nonsemantic_or_ambiguous,hybrid,Hybrid/mixed lexical family across languages; semantically coherent but only weakly tied to the local bridge/network target.,medium,navigation-only in audit
f1070,7,120934,杂交,'杂交',0.24489209,fixed-token context panels,nonsemantic_or_ambiguous,hybrid,Hybrid/mixed lexical family across languages; semantically coherent but only weakly tied to the local bridge/network target.,medium,navigation-only in audit
f1070,8,90174,ybrid,'ybrid',0.23804435,fixed-token context panels,nonsemantic_or_ambiguous,hybrid,Hybrid/mixed lexical family across languages; semantically coherent but only weakly tied to the local bridge/network target.,medium,navigation-only in audit
f1070,9,163729, hib,' hib',0.18750384,fixed-token context panels,nonsemantic_or_ambiguous,hybrid,Hybrid/mixed lexical family across languages; semantically coherent but only weakly tied to the local bridge/network target.,medium,navigation-only in audit
f1070,10,129977,混合动力,'混合动力',0.18166634,fixed-token context panels,nonsemantic_or_ambiguous,hybrid,Hybrid/mixed lexical family across languages; semantically coherent but only weakly tied to the local bridge/network target.,medium,navigation-only in audit
f1070,11,8243,hy,'hy',0.17073321,fixed-token context panels,nonsemantic_or_ambiguous,hybrid,Hybrid/mixed lexical family across languages; semantically coherent but only weakly tied to the local bridge/network target.,medium,navigation-only in audit
f1070,12,185739, 하이,' 하이',0.15827125,fixed-token context panels,nonsemantic_or_ambiguous,hybrid,Hybrid/mixed lexical family across languages; semantically coherent but only weakly tied to the local bridge/network target.,medium,navigation-only in audit
f1070,13,141461,混合型,'混合型',0.14567910,fixed-token context panels,nonsemantic_or_ambiguous,hybrid,Hybrid/mixed lexical family across languages; semantically coherent but only weakly tied to the local bridge/network target.,medium,navigation-only in audit
f1070,14,101742,混合,'混合',0.14561027,fixed-token context panels,nonsemantic_or_ambiguous,hybrid,Hybrid/mixed lexical family across languages; semantically coherent but only weakly tied to the local bridge/network target.,medium,navigation-only in audit
f1070,15,163585, hí,' hí',0.14556079,fixed-token context panels,nonsemantic_or_ambiguous,hybrid,Hybrid/mixed lexical family across languages; semantically coherent but only weakly tied to the local bridge/network target.,medium,navigation-only in audit
f1070,16,198524,하이,'하이',0.13479033,fixed-token context panels,nonsemantic_or_ambiguous,hybrid,Hybrid/mixed lexical family across languages; semantically coherent but only weakly tied to the local bridge/network target.,medium,navigation-only in audit
f1070,17,131715,混搭,'混搭',0.12531304,fixed-token context panels,nonsemantic_or_ambiguous,hybrid,Hybrid/mixed lexical family across languages; semantically coherent but only weakly tied to the local bridge/network target.,medium,navigation-only in audit
f1070,18,125897,混动,'混动',0.12208275,fixed-token context panels,nonsemantic_or_ambiguous,hybrid,Hybrid/mixed lexical family across languages; semantically coherent but only weakly tied to the local bridge/network target.,medium,navigation-only in audit
f1070,19,158328, гиб,' гиб',0.12125175,fixed-token context panels,nonsemantic_or_ambiguous,hybrid,Hybrid/mixed lexical family across languages; semantically coherent but only weakly tied to the local bridge/network target.,medium,navigation-only in audit
f1070,20,176722,ハイ,'ハイ',0.11692068,fixed-token context panels,nonsemantic_or_ambiguous,hybrid,Hybrid/mixed lexical family across languages; semantically coherent but only weakly tied to the local bridge/network target.,medium,navigation-only in audit
f2073,1,2536,Not,'Not',0.40701106,general readout examples,semantic_coherent,Not/_not,Negation surface family with Not/not variants and code-style affixes.,high,
f2073,2,2717, Not,' Not',0.34450129,general readout examples,semantic_coherent,Not/_not,Negation surface family with Not/not variants and code-style affixes.,high,
f2073,3,7663,_not,'_not',0.25478697,general readout examples,semantic_coherent,Not/_not,Negation surface family with Not/not variants and code-style affixes.,high,
f2073,4,524, not,' not',0.24914169,general readout examples,semantic_coherent,Not/_not,Negation surface family with Not/not variants and code-style affixes.,high,
f2073,5,1856,not,'not',0.24743295,general readout examples,semantic_coherent,Not/_not,Negation surface family with Not/not variants and code-style affixes.,high,
f2073,6,78358,"""Not","'""Not'",0.20146650,general readout examples,semantic_coherent,Not/_not,Negation surface family with Not/not variants and code-style affixes.,high,
f2073,7,4045, NOT,' NOT',0.18711442,general readout examples,semantic_coherent,Not/_not,Negation surface family with Not/not variants and code-style affixes.,high,
f2073,8,14566,.Not,'.Not',0.18489197,general readout examples,semantic_coherent,Not/_not,Negation surface family with Not/not variants and code-style affixes.,high,
f2073,9,8896,_NOT,'_NOT',0.18461193,general readout examples,semantic_coherent,Not/_not,Negation surface family with Not/not variants and code-style affixes.,high,
f2073,10,11632,.not,'.not',0.17316556,general readout examples,semantic_coherent,Not/_not,Negation surface family with Not/not variants and code-style affixes.,high,
f2073,11,28215,-not,'-not',0.16162807,general readout examples,semantic_coherent,Not/_not,Negation surface family with Not/not variants and code-style affixes.,high,
f2073,12,13662,NOT,'NOT',0.15327838,general readout examples,semantic_coherent,Not/_not,Negation surface family with Not/not variants and code-style affixes.,high,
f2073,13,58767,_Not,'_Not',0.15224645,general readout examples,semantic_coherent,Not/_not,Negation surface family with Not/not variants and code-style affixes.,high,
f2073,14,93912,\tnot,'\tnot',0.13743864,general readout examples,semantic_coherent,Not/_not,Negation surface family with Not/not variants and code-style affixes.,high,
f2073,15,60337,/not,'/not',0.12678795,general readout examples,semantic_coherent,Not/_not,Negation surface family with Not/not variants and code-style affixes.,high,
f2073,16,23989,(not,'(not',0.12038741,general readout examples,semantic_coherent,Not/_not,Negation surface family with Not/not variants and code-style affixes.,high,
f2073,17,48755, notch,' notch',0.10964066,general readout examples,semantic_coherent,Not/_not,Negation surface family with Not/not variants and code-style affixes.,high,
f2073,18,39082,.NOT,'.NOT',0.10288416,general readout examples,semantic_coherent,Not/_not,Negation surface family with Not/not variants and code-style affixes.,high,
f2073,19,60723,—not,'—not',0.09777537,general readout examples,semantic_coherent,Not/_not,Negation surface family with Not/not variants and code-style affixes.,high,
f2073,20,202124, όχι,' όχι',0.08291156,general readout examples,semantic_coherent,Not/_not,Negation surface family with Not/not variants and code-style affixes.,high,
f2359,1,9496, unknown,' unknown',0.51909673,general readout examples,semantic_coherent,unknown,"Unknown/unspecified abstention family, including multilingual unknown and uncertain variants.",high,
f2359,2,15615,unknown,'unknown',0.43724978,general readout examples,semantic_coherent,unknown,"Unknown/unspecified abstention family, including multilingual unknown and uncertain variants.",high,
f2359,3,109619,未知,'未知',0.39824435,general readout examples,semantic_coherent,unknown,"Unknown/unspecified abstention family, including multilingual unknown and uncertain variants.",high,
f2359,4,21024, Unknown,' Unknown',0.36820114,general readout examples,semantic_coherent,unknown,"Unknown/unspecified abstention family, including multilingual unknown and uncertain variants.",high,
f2359,5,138527,未知的,'未知的',0.36267146,general readout examples,semantic_coherent,unknown,"Unknown/unspecified abstention family, including multilingual unknown and uncertain variants.",high,
f2359,6,191835, неизвест,' неизвест',0.34303087,general readout examples,semantic_coherent,unknown,"Unknown/unspecified abstention family, including multilingual unknown and uncertain variants.",high,
f2359,7,13394,Unknown,'Unknown',0.33695763,general readout examples,semantic_coherent,unknown,"Unknown/unspecified abstention family, including multilingual unknown and uncertain variants.",high,
f2359,8,55581,_unknown,'_unknown',0.28230619,general readout examples,semantic_coherent,unknown,"Unknown/unspecified abstention family, including multilingual unknown and uncertain variants.",high,
f2359,9,59322, UNKNOWN,' UNKNOWN',0.22176041,general readout examples,semantic_coherent,unknown,"Unknown/unspecified abstention family, including multilingual unknown and uncertain variants.",high,
f2359,10,49649,UNKNOWN,'UNKNOWN',0.21661521,general readout examples,semantic_coherent,unknown,"Unknown/unspecified abstention family, including multilingual unknown and uncertain variants.",high,
f2359,11,62298, unidentified,' unidentified',0.20675191,general readout examples,semantic_coherent,unknown,"Unknown/unspecified abstention family, including multilingual unknown and uncertain variants.",high,
f2359,12,215476, unbek,' unbek',0.20387366,general readout examples,semantic_coherent,unknown,"Unknown/unspecified abstention family, including multilingual unknown and uncertain variants.",high,
f2359,13,90616,.unknown,'.unknown',0.20294568,general readout examples,semantic_coherent,unknown,"Unknown/unspecified abstention family, including multilingual unknown and uncertain variants.",high,
f2359,14,80663, unknow,' unknow',0.18760176,general readout examples,semantic_coherent,unknown,"Unknown/unspecified abstention family, including multilingual unknown and uncertain variants.",high,
f2359,15,52487, unspecified,' unspecified',0.17737353,general readout examples,semantic_coherent,unknown,"Unknown/unspecified abstention family, including multilingual unknown and uncertain variants.",high,
f2359,16,30508,_UNKNOWN,'_UNKNOWN',0.17138208,general readout examples,semantic_coherent,unknown,"Unknown/unspecified abstention family, including multilingual unknown and uncertain variants.",high,
f2359,17,33955, uncertain,' uncertain',0.16974208,general readout examples,semantic_coherent,unknown,"Unknown/unspecified abstention family, including multilingual unknown and uncertain variants.",high,
f2359,18,67600,.Unknown,'.Unknown',0.15898377,general readout examples,semantic_coherent,unknown,"Unknown/unspecified abstention family, including multilingual unknown and uncertain variants.",high,
f2359,19,99179,不知,'不知',0.15857476,general readout examples,semantic_coherent,unknown,"Unknown/unspecified abstention family, including multilingual unknown and uncertain variants.",high,
f2359,20,47625, unfamiliar,' unfamiliar',0.15770064,general readout examples,semantic_coherent,unknown,"Unknown/unspecified abstention family, including multilingual unknown and uncertain variants.",high,
f2996,1,318, (,' (',0.39336675,general readout examples,token_form_artifact,punctuation/M,Opening bracket/parenthesis feature with some single-capital spillover.,high,token-form artifact
f2996,2,498, [,' [',0.21680476,general readout examples,token_form_artifact,punctuation/M,Opening bracket/parenthesis feature with some single-capital spillover.,high,token-form artifact
f2996,3,11,",","','",0.19299893,general readout examples,token_form_artifact,punctuation/M,Opening bracket/parenthesis feature with some single-capital spillover.,high,token-form artifact
f2996,4,3376," (""","' (""'",0.19184701,general readout examples,token_form_artifact,punctuation/M,Opening bracket/parenthesis feature with some single-capital spillover.,high,token-form artifact
f2996,5,1718, ((,' ((',0.19044985,general readout examples,token_form_artifact,punctuation/M,Opening bracket/parenthesis feature with some single-capital spillover.,high,token-form artifact
f2996,6,313, {,' {',0.18899728,general readout examples,token_form_artifact,punctuation/M,Opening bracket/parenthesis feature with some single-capital spillover.,high,token-form artifact
f2996,7,380, M,' M',0.18884371,general readout examples,token_form_artifact,punctuation/M,Opening bracket/parenthesis feature with some single-capital spillover.,high,token-form artifact
f2996,8,328," ""","' ""'",0.18809998,general readout examples,token_form_artifact,punctuation/M,Opening bracket/parenthesis feature with some single-capital spillover.,high,token-form artifact
f2996,9,1451, (!,' (!',0.18794237,general readout examples,token_form_artifact,punctuation/M,Opening bracket/parenthesis feature with some single-capital spillover.,high,token-form artifact
f2996,10,469, G,' G',0.18794228,general readout examples,token_form_artifact,punctuation/M,Opening bracket/parenthesis feature with some single-capital spillover.,high,token-form artifact
f2996,11,9616,（,'（',0.18765919,general readout examples,token_form_artifact,punctuation/M,Opening bracket/parenthesis feature with some single-capital spillover.,high,token-form artifact
f2996,12,7,(,'(',0.18655631,general readout examples,token_form_artifact,punctuation/M,Opening bracket/parenthesis feature with some single-capital spillover.,high,token-form artifact
f2996,13,264, a,' a',0.18611911,general readout examples,token_form_artifact,punctuation/M,Opening bracket/parenthesis feature with some single-capital spillover.,high,token-form artifact
f2996,14,426, F,' F',0.18581337,general readout examples,token_form_artifact,punctuation/M,Opening bracket/parenthesis feature with some single-capital spillover.,high,token-form artifact
f2996,15,710, K,' K',0.18577939,general readout examples,token_form_artifact,punctuation/M,Opening bracket/parenthesis feature with some single-capital spillover.,high,token-form artifact
f2996,16,345, T,' T',0.18569252,general readout examples,token_form_artifact,punctuation/M,Opening bracket/parenthesis feature with some single-capital spillover.,high,token-form artifact
f2996,17,351, C,' C',0.18542612,general readout examples,token_form_artifact,punctuation/M,Opening bracket/parenthesis feature with some single-capital spillover.,high,token-form artifact
f2996,18,443, N,' N',0.18519048,general readout examples,token_form_artifact,punctuation/M,Opening bracket/parenthesis feature with some single-capital spillover.,high,token-form artifact
f2996,19,436, L,' L',0.18467590,general readout examples,token_form_artifact,punctuation/M,Opening bracket/parenthesis feature with some single-capital spillover.,high,token-form artifact
f2996,20,321, and,' and',0.18403588,general readout examples,token_form_artifact,punctuation/M,Opening bracket/parenthesis feature with some single-capital spillover.,high,token-form artifact
f4095,1,35997, bee,' bee',0.59298879,main bug panels; fixed-token context panels,semantic_coherent,bee/bees/insect; bee/bees,"Bee/insect lexical family, dominated by bee variants with broader insect/hive/butterfly spillover.",high,
f4095,2,38152, bees,' bees',0.27456599,main bug panels; fixed-token context panels,semantic_coherent,bee/bees/insect; bee/bees,"Bee/insect lexical family, dominated by bee variants with broader insect/hive/butterfly spillover.",high,
f4095,3,30976,bee,'bee',0.23078299,main bug panels; fixed-token context panels,semantic_coherent,bee/bees/insect; bee/bees,"Bee/insect lexical family, dominated by bee variants with broader insect/hive/butterfly spillover.",high,
f4095,4,36192, Bee,' Bee',0.21297601,main bug panels; fixed-token context panels,semantic_coherent,bee/bees/insect; bee/bees,"Bee/insect lexical family, dominated by bee variants with broader insect/hive/butterfly spillover.",high,
f4095,5,115594,蜜蜂,'蜜蜂',0.17796834,main bug panels; fixed-token context panels,semantic_coherent,bee/bees/insect; bee/bees,"Bee/insect lexical family, dominated by bee variants with broader insect/hive/butterfly spillover.",high,
f4095,6,63298, hive,' hive',0.09883543,main bug panels; fixed-token context panels,semantic_coherent,bee/bees/insect; bee/bees,"Bee/insect lexical family, dominated by bee variants with broader insect/hive/butterfly spillover.",high,
f4095,7,53315, butterfly,' butterfly',0.09798301,main bug panels; fixed-token context panels,semantic_coherent,bee/bees/insect; bee/bees,"Bee/insect lexical family, dominated by bee variants with broader insect/hive/butterfly spillover.",high,
f4095,8,25158, insect,' insect',0.08640125,main bug panels; fixed-token context panels,semantic_coherent,bee/bees/insect; bee/bees,"Bee/insect lexical family, dominated by bee variants with broader insect/hive/butterfly spillover.",high,
f4095,9,116493,昆虫,'昆虫',0.07914517,main bug panels; fixed-token context panels,semantic_coherent,bee/bees/insect; bee/bees,"Bee/insect lexical family, dominated by bee variants with broader insect/hive/butterfly spillover.",high,
f4095,10,58359, ants,' ants',0.07614311,main bug panels; fixed-token context panels,semantic_coherent,bee/bees/insect; bee/bees,"Bee/insect lexical family, dominated by bee variants with broader insect/hive/butterfly spillover.",high,
f4095,11,82378, buzzing,' buzzing',0.07564496,main bug panels; fixed-token context panels,semantic_coherent,bee/bees/insect; bee/bees,"Bee/insect lexical family, dominated by bee variants with broader insect/hive/butterfly spillover.",high,
f4095,12,39465, insects,' insects',0.07401866,main bug panels; fixed-token context panels,semantic_coherent,bee/bees/insect; bee/bees,"Bee/insect lexical family, dominated by bee variants with broader insect/hive/butterfly spillover.",high,
f4095,13,95050, doe,' doe',0.07322625,main bug panels; fixed-token context panels,semantic_coherent,bee/bees/insect; bee/bees,"Bee/insect lexical family, dominated by bee variants with broader insect/hive/butterfly spillover.",high,
f4095,14,200019,치료,'치료',0.07297350,main bug panels; fixed-token context panels,semantic_coherent,bee/bees/insect; bee/bees,"Bee/insect lexical family, dominated by bee variants with broader insect/hive/butterfly spillover.",high,
f4095,15,77892, butterflies,' butterflies',0.06948609,main bug panels; fixed-token context panels,semantic_coherent,bee/bees/insect; bee/bees,"Bee/insect lexical family, dominated by bee variants with broader insect/hive/butterfly spillover.",high,
f4095,16,24924, honey,' honey',0.06924628,main bug panels; fixed-token context panels,semantic_coherent,bee/bees/insect; bee/bees,"Bee/insect lexical family, dominated by bee variants with broader insect/hive/butterfly spillover.",high,
f4095,17,99754,蜂,'蜂',0.06847998,main bug panels; fixed-token context panels,semantic_coherent,bee/bees/insect; bee/bees,"Bee/insect lexical family, dominated by bee variants with broader insect/hive/butterfly spillover.",high,
f4095,18,238353, насекомых,' насекомых',0.06813435,main bug panels; fixed-token context panels,semantic_coherent,bee/bees/insect; bee/bees,"Bee/insect lexical family, dominated by bee variants with broader insect/hive/butterfly spillover.",high,
f4095,19,174014, ООО,' ООО',0.06626553,main bug panels; fixed-token context panels,semantic_coherent,bee/bees/insect; bee/bees,"Bee/insect lexical family, dominated by bee variants with broader insect/hive/butterfly spillover.",high,
f4095,20,171509, bác,' bác',0.06491398,main bug panels; fixed-token context panels,semantic_coherent,bee/bees/insect; bee/bees,"Bee/insect lexical family, dominated by bee variants with broader insect/hive/butterfly spillover.",high,
f4205,1,140964,感谢信,'感谢信',0.65284210,verify/assume DLA,nonsemantic_or_ambiguous,thanks/letter,"Correspondence and thanks feature, mostly Chinese letter/thank-you tokens; not a verification feature under the top-row audit.",medium,navigation-only in audit
f4205,2,146496,推荐信,'推荐信',0.17238069,verify/assume DLA,nonsemantic_or_ambiguous,thanks/letter,"Correspondence and thanks feature, mostly Chinese letter/thank-you tokens; not a verification feature under the top-row audit.",medium,navigation-only in audit
f4205,3,135027,锦旗,'锦旗',0.11248199,verify/assume DLA,nonsemantic_or_ambiguous,thanks/letter,"Correspondence and thanks feature, mostly Chinese letter/thank-you tokens; not a verification feature under the top-row audit.",medium,navigation-only in audit
f4205,4,141669,满减,'满减',0.08494639,verify/assume DLA,nonsemantic_or_ambiguous,thanks/letter,"Correspondence and thanks feature, mostly Chinese letter/thank-you tokens; not a verification feature under the top-row audit.",medium,navigation-only in audit
f4205,5,123560,获得感,'获得感',0.07643942,verify/assume DLA,nonsemantic_or_ambiguous,thanks/letter,"Correspondence and thanks feature, mostly Chinese letter/thank-you tokens; not a verification feature under the top-row audit.",medium,navigation-only in audit
f4205,6,122502,信件,'信件',0.07465563,verify/assume DLA,nonsemantic_or_ambiguous,thanks/letter,"Correspondence and thanks feature, mostly Chinese letter/thank-you tokens; not a verification feature under the top-row audit.",medium,navigation-only in audit
f4205,7,134939,的一封信,'的一封信',0.07450718,verify/assume DLA,nonsemantic_or_ambiguous,thanks/letter,"Correspondence and thanks feature, mostly Chinese letter/thank-you tokens; not a verification feature under the top-row audit.",medium,navigation-only in audit
f4205,8,148046,起诉书,'起诉书',0.07450168,verify/assume DLA,nonsemantic_or_ambiguous,thanks/letter,"Correspondence and thanks feature, mostly Chinese letter/thank-you tokens; not a verification feature under the top-row audit.",medium,navigation-only in audit
f4205,9,32197,oubted,'oubted',0.07370420,verify/assume DLA,nonsemantic_or_ambiguous,thanks/letter,"Correspondence and thanks feature, mostly Chinese letter/thank-you tokens; not a verification feature under the top-row audit.",medium,navigation-only in audit
f4205,10,134650,衷心的感谢,'衷心的感谢',0.07331324,verify/assume DLA,nonsemantic_or_ambiguous,thanks/letter,"Correspondence and thanks feature, mostly Chinese letter/thank-you tokens; not a verification feature under the top-row audit.",medium,navigation-only in audit
f4205,11,89820, thanking,' thanking',0.07291024,verify/assume DLA,nonsemantic_or_ambiguous,thanks/letter,"Correspondence and thanks feature, mostly Chinese letter/thank-you tokens; not a verification feature under the top-row audit.",medium,navigation-only in audit
f4205,12,219904,áficas,'áficas',0.06955350,verify/assume DLA,nonsemantic_or_ambiguous,thanks/letter,"Correspondence and thanks feature, mostly Chinese letter/thank-you tokens; not a verification feature under the top-row audit.",medium,navigation-only in audit
f4205,13,123209,表示感谢,'表示感谢',0.06801729,verify/assume DLA,nonsemantic_or_ambiguous,thanks/letter,"Correspondence and thanks feature, mostly Chinese letter/thank-you tokens; not a verification feature under the top-row audit.",medium,navigation-only in audit
f4205,14,229166,yli,'yli',0.06797954,verify/assume DLA,nonsemantic_or_ambiguous,thanks/letter,"Correspondence and thanks feature, mostly Chinese letter/thank-you tokens; not a verification feature under the top-row audit.",medium,navigation-only in audit
f4205,15,120263,分泌物,'分泌物',0.06657462,verify/assume DLA,nonsemantic_or_ambiguous,thanks/letter,"Correspondence and thanks feature, mostly Chinese letter/thank-you tokens; not a verification feature under the top-row audit.",medium,navigation-only in audit
f4205,16,137676,宣传单,'宣传单',0.06596510,verify/assume DLA,nonsemantic_or_ambiguous,thanks/letter,"Correspondence and thanks feature, mostly Chinese letter/thank-you tokens; not a verification feature under the top-row audit.",medium,navigation-only in audit
f4205,17,126932,个人简历,'个人简历',0.06590969,verify/assume DLA,nonsemantic_or_ambiguous,thanks/letter,"Correspondence and thanks feature, mostly Chinese letter/thank-you tokens; not a verification feature under the top-row audit.",medium,navigation-only in audit
f4205,18,25404, sinc,' sinc',0.06581875,verify/assume DLA,nonsemantic_or_ambiguous,thanks/letter,"Correspondence and thanks feature, mostly Chinese letter/thank-you tokens; not a verification feature under the top-row audit.",medium,navigation-only in audit
f4205,19,54601, thanked,' thanked',0.06578197,verify/assume DLA,nonsemantic_or_ambiguous,thanks/letter,"Correspondence and thanks feature, mostly Chinese letter/thank-you tokens; not a verification feature under the top-row audit.",medium,navigation-only in audit
f4205,20,127836,书信,'书信',0.06559525,verify/assume DLA,nonsemantic_or_ambiguous,thanks/letter,"Correspondence and thanks feature, mostly Chinese letter/thank-you tokens; not a verification feature under the top-row audit.",medium,navigation-only in audit
f4247,1,9207, chart,' chart',0.64789015,technical context stress,semantic_coherent,chart/Chart/charts,Chart/ChartData lexical and code-token family.,high,
f4247,2,20613, Chart,' Chart',0.54522866,technical context stress,semantic_coherent,chart/Chart/charts,Chart/ChartData lexical and code-token family.,high,
f4247,3,14073,Chart,'Chart',0.50866145,technical context stress,semantic_coherent,chart/Chart/charts,Chart/ChartData lexical and code-token family.,high,
f4247,4,25296, charts,' charts',0.49128795,technical context stress,semantic_coherent,chart/Chart/charts,Chart/ChartData lexical and code-token family.,high,
f4247,5,43148,-chart,'-chart',0.42010906,technical context stress,semantic_coherent,chart/Chart/charts,Chart/ChartData lexical and code-token family.,high,
f4247,6,15471,chart,'chart',0.41036633,technical context stress,semantic_coherent,chart/Chart/charts,Chart/ChartData lexical and code-token family.,high,
f4247,7,64039, Charts,' Charts',0.40837076,technical context stress,semantic_coherent,chart/Chart/charts,Chart/ChartData lexical and code-token family.,high,
f4247,8,39609,_chart,'_chart',0.35584968,technical context stress,semantic_coherent,chart/Chart/charts,Chart/ChartData lexical and code-token family.,high,
f4247,9,71427,/chart,'/chart',0.29521817,technical context stress,semantic_coherent,chart/Chart/charts,Chart/ChartData lexical and code-token family.,high,
f4247,10,62684,Charts,'Charts',0.28145021,technical context stress,semantic_coherent,chart/Chart/charts,Chart/ChartData lexical and code-token family.,high,
f4247,11,110014,图表,'图表',0.27635249,technical context stress,semantic_coherent,chart/Chart/charts,Chart/ChartData lexical and code-token family.,high,
f4247,12,60375,(chart,'(chart',0.26829997,technical context stress,semantic_coherent,chart/Chart/charts,Chart/ChartData lexical and code-token family.,high,
f4247,13,41252,.Chart,'.Chart',0.25027779,technical context stress,semantic_coherent,chart/Chart/charts,Chart/ChartData lexical and code-token family.,high,
f4247,14,29671,.chart,'.chart',0.23126481,technical context stress,semantic_coherent,chart/Chart/charts,Chart/ChartData lexical and code-token family.,high,
f4247,15,35376,charts,'charts',0.22821338,technical context stress,semantic_coherent,chart/Chart/charts,Chart/ChartData lexical and code-token family.,high,
f4247,16,92072,ChartData,'ChartData',0.19943197,technical context stress,semantic_coherent,chart/Chart/charts,Chart/ChartData lexical and code-token family.,high,
f4247,17,35796, charter,' charter',0.19872494,technical context stress,semantic_coherent,chart/Chart/charts,Chart/ChartData lexical and code-token family.,high,
f4247,18,46985, Charter,' Charter',0.16255602,technical context stress,semantic_coherent,chart/Chart/charts,Chart/ChartData lexical and code-token family.,high,
f4247,19,87693,charted,'charted',0.13105100,technical context stress,semantic_coherent,chart/Chart/charts,Chart/ChartData lexical and code-token family.,high,
f4247,20,92919,chartInstance,'chartInstance',0.11976650,technical context stress,semantic_coherent,chart/Chart/charts,Chart/ChartData lexical and code-token family.,high,
f4592,1,5439,Ass,'Ass',0.55622393,verify/assume DLA,semantic_coherent,assume,Assume/assumption family mixed with ass/Ass surface fragments.,medium,surface-form heavy but target-consistent
f4592,2,2601, Ass,' Ass',0.42381966,verify/assume DLA,semantic_coherent,assume,Assume/assumption family mixed with ass/Ass surface fragments.,medium,surface-form heavy but target-consistent
f4592,3,11740,_ass,'_ass',0.37750560,verify/assume DLA,semantic_coherent,assume,Assume/assumption family mixed with ass/Ass surface fragments.,medium,surface-form heavy but target-consistent
f4592,4,33662,-ass,'-ass',0.34593838,verify/assume DLA,semantic_coherent,assume,Assume/assumption family mixed with ass/Ass surface fragments.,medium,surface-form heavy but target-consistent
f4592,5,59094,-Ass,'-Ass',0.33729705,verify/assume DLA,semantic_coherent,assume,Assume/assumption family mixed with ass/Ass surface fragments.,medium,surface-form heavy but target-consistent
f4592,6,389,ass,'ass',0.33343092,verify/assume DLA,semantic_coherent,assume,Assume/assumption family mixed with ass/Ass surface fragments.,medium,surface-form heavy but target-consistent
f4592,7,10554,.Ass,'.Ass',0.29385623,verify/assume DLA,semantic_coherent,assume,Assume/assumption family mixed with ass/Ass surface fragments.,medium,surface-form heavy but target-consistent
f4592,8,1036, ass,' ass',0.29097614,verify/assume DLA,semantic_coherent,assume,Assume/assumption family mixed with ass/Ass surface fragments.,medium,surface-form heavy but target-consistent
f4592,9,34384, ASS,' ASS',0.27032620,verify/assume DLA,semantic_coherent,assume,Assume/assumption family mixed with ass/Ass surface fragments.,medium,surface-form heavy but target-consistent
f4592,10,60101, Assume,' Assume',0.25882635,verify/assume DLA,semantic_coherent,assume,Assume/assumption family mixed with ass/Ass surface fragments.,medium,surface-form heavy but target-consistent
f4592,11,60126,_Ass,'_Ass',0.24918523,verify/assume DLA,semantic_coherent,assume,Assume/assumption family mixed with ass/Ass surface fragments.,medium,surface-form heavy but target-consistent
f4592,12,23571, assumption,' assumption',0.21882975,verify/assume DLA,semantic_coherent,assume,Assume/assumption family mixed with ass/Ass surface fragments.,medium,surface-form heavy but target-consistent
f4592,13,30800, assumptions,' assumptions',0.21454319,verify/assume DLA,semantic_coherent,assume,Assume/assumption family mixed with ass/Ass surface fragments.,medium,surface-form heavy but target-consistent
f4592,14,4780,ASS,'ASS',0.21294203,verify/assume DLA,semantic_coherent,assume,Assume/assumption family mixed with ass/Ass surface fragments.,medium,surface-form heavy but target-consistent
f4592,15,9370, assume,' assume',0.20929316,verify/assume DLA,semantic_coherent,assume,Assume/assumption family mixed with ass/Ass surface fragments.,medium,surface-form heavy but target-consistent
f4592,16,20826, assumes,' assumes',0.20900157,verify/assume DLA,semantic_coherent,assume,Assume/assumption family mixed with ass/Ass surface fragments.,medium,surface-form heavy but target-consistent
f4592,17,61806, Assuming,' Assuming',0.20327508,verify/assume DLA,semantic_coherent,assume,Assume/assumption family mixed with ass/Ass surface fragments.,medium,surface-form heavy but target-consistent
f4592,18,43546,assume,'assume',0.19407579,verify/assume DLA,semantic_coherent,assume,Assume/assumption family mixed with ass/Ass surface fragments.,medium,surface-form heavy but target-consistent
f4592,19,18113,_ASS,'_ASS',0.19405580,verify/assume DLA,semantic_coherent,assume,Assume/assumption family mixed with ass/Ass surface fragments.,medium,surface-form heavy but target-consistent
f4592,20,18533, assumed,' assumed',0.18891406,verify/assume DLA,semantic_coherent,assume,Assume/assumption family mixed with ass/Ass surface fragments.,medium,surface-form heavy but target-consistent
f5680,1,7156, debug,' debug',0.52286237,main bug panels,semantic_coherent,debug/Debug/debugging,Debug/debugger code-token family with case and punctuation variants.,high,
f5680,2,10768, Debug,' Debug',0.30393767,main bug panels,semantic_coherent,debug/Debug/debugging,Debug/debugger code-token family with case and punctuation variants.,high,
f5680,3,8090,debug,'debug',0.29188082,main bug panels,semantic_coherent,debug/Debug/debugging,Debug/debugger code-token family with case and punctuation variants.,high,
f5680,4,38414,\tdebug,'\tdebug',0.29174799,main bug panels,semantic_coherent,debug/Debug/debugging,Debug/debugger code-token family with case and punctuation variants.,high,
f5680,5,7689,Debug,'Debug',0.27629063,main bug panels,semantic_coherent,debug/Debug/debugging,Debug/debugger code-token family with case and punctuation variants.,high,
f5680,6,7635,.debug,'.debug',0.26057422,main bug panels,semantic_coherent,debug/Debug/debugging,Debug/debugger code-token family with case and punctuation variants.,high,
f5680,7,14993,_debug,'_debug',0.25749409,main bug panels,semantic_coherent,debug/Debug/debugging,Debug/debugger code-token family with case and punctuation variants.,high,
f5680,8,40757,(debug,'(debug',0.23252012,main bug panels,semantic_coherent,debug/Debug/debugging,Debug/debugger code-token family with case and punctuation variants.,high,
f5680,9,12294, DEBUG,' DEBUG',0.22831587,main bug panels,semantic_coherent,debug/Debug/debugging,Debug/debugger code-token family with case and punctuation variants.,high,
f5680,10,65201,/debug,'/debug',0.22043236,main bug panels,semantic_coherent,debug/Debug/debugging,Debug/debugger code-token family with case and punctuation variants.,high,
f5680,11,26805, debugging,' debugging',0.20746231,main bug panels,semantic_coherent,debug/Debug/debugging,Debug/debugger code-token family with case and punctuation variants.,high,
f5680,12,10816,_DEBUG,'_DEBUG',0.19388753,main bug panels,semantic_coherent,debug/Debug/debugging,Debug/debugger code-token family with case and punctuation variants.,high,
f5680,13,68639,-debug,'-debug',0.19003612,main bug panels,semantic_coherent,debug/Debug/debugging,Debug/debugger code-token family with case and punctuation variants.,high,
f5680,14,4985,DEBUG,'DEBUG',0.16304848,main bug panels,semantic_coherent,debug/Debug/debugging,Debug/debugger code-token family with case and punctuation variants.,high,
f5680,15,19728,.Debug,'.Debug',0.16300969,main bug panels,semantic_coherent,debug/Debug/debugging,Debug/debugger code-token family with case and punctuation variants.,high,
f5680,16,33281,\tDebug,'\tDebug',0.15115744,main bug panels,semantic_coherent,debug/Debug/debugging,Debug/debugger code-token family with case and punctuation variants.,high,
f5680,17,42996, debugger,' debugger',0.14069626,main bug panels,semantic_coherent,debug/Debug/debugging,Debug/debugger code-token family with case and punctuation variants.,high,
f5680,18,46305, dbg,' dbg',0.13128543,main bug panels,semantic_coherent,debug/Debug/debugging,Debug/debugger code-token family with case and punctuation variants.,high,
f5680,19,36875,.DEBUG,'.DEBUG',0.12895189,main bug panels,semantic_coherent,debug/Debug/debugging,Debug/debugger code-token family with case and punctuation variants.,high,
f5680,20,104726,调试,'调试',0.12631236,main bug panels,semantic_coherent,debug/Debug/debugging,Debug/debugger code-token family with case and punctuation variants.,high,
f7977,1,13157, diagram,' diagram',0.62419921,technical context stress,semantic_coherent,diagram/diagrams,"Diagram/schematic/graphical artifact family, multilingual.",high,
f7977,2,34091, Diagram,' Diagram',0.55200297,technical context stress,semantic_coherent,diagram/diagrams,"Diagram/schematic/graphical artifact family, multilingual.",high,
f7977,3,44647, diagrams,' diagrams',0.53184402,technical context stress,semantic_coherent,diagram/diagrams,"Diagram/schematic/graphical artifact family, multilingual.",high,
f7977,4,89695,Diagram,'Diagram',0.47202787,technical context stress,semantic_coherent,diagram/diagrams,"Diagram/schematic/graphical artifact family, multilingual.",high,
f7977,5,130032,图示,'图示',0.17450249,technical context stress,semantic_coherent,diagram/diagrams,"Diagram/schematic/graphical artifact family, multilingual.",high,
f7977,6,94782, DIAG,' DIAG',0.16830464,technical context stress,semantic_coherent,diagram/diagrams,"Diagram/schematic/graphical artifact family, multilingual.",high,
f7977,7,149327, диа,' диа',0.15619570,technical context stress,semantic_coherent,diagram/diagrams,"Diagram/schematic/graphical artifact family, multilingual.",high,
f7977,8,105667,示意图,'示意图',0.15588209,technical context stress,semantic_coherent,diagram/diagrams,"Diagram/schematic/graphical artifact family, multilingual.",high,
f7977,9,119760,图解,'图解',0.15160544,technical context stress,semantic_coherent,diagram/diagrams,"Diagram/schematic/graphical artifact family, multilingual.",high,
f7977,10,64780, schematic,' schematic',0.11932516,technical context stress,semantic_coherent,diagram/diagrams,"Diagram/schematic/graphical artifact family, multilingual.",high,
f7977,11,107025,架构图,'架构图',0.11842242,technical context stress,semantic_coherent,diagram/diagrams,"Diagram/schematic/graphical artifact family, multilingual.",high,
f7977,12,110014,图表,'图表',0.11425953,technical context stress,semantic_coherent,diagram/diagrams,"Diagram/schematic/graphical artifact family, multilingual.",high,
f7977,13,226851, 다이어,' 다이어',0.11409430,technical context stress,semantic_coherent,diagram/diagrams,"Diagram/schematic/graphical artifact family, multilingual.",high,
f7977,14,126586,流程图,'流程图',0.11254673,technical context stress,semantic_coherent,diagram/diagrams,"Diagram/schematic/graphical artifact family, multilingual.",high,
f7977,15,28516,_di,'_di',0.11192250,technical context stress,semantic_coherent,diagram/diagrams,"Diagram/schematic/graphical artifact family, multilingual.",high,
f7977,16,102437,图中,'图中',0.11190769,technical context stress,semantic_coherent,diagram/diagrams,"Diagram/schematic/graphical artifact family, multilingual.",high,
f7977,17,110444,图纸,'图纸',0.10938936,technical context stress,semantic_coherent,diagram/diagrams,"Diagram/schematic/graphical artifact family, multilingual.",high,
f7977,18,147573,电路图,'电路图',0.10588935,technical context stress,semantic_coherent,diagram/diagrams,"Diagram/schematic/graphical artifact family, multilingual.",high,
f7977,19,48601,-di,'-di',0.10551593,technical context stress,semantic_coherent,diagram/diagrams,"Diagram/schematic/graphical artifact family, multilingual.",high,
f7977,20,5567,agram,'agram',0.10305488,technical context stress,semantic_coherent,diagram/diagrams,"Diagram/schematic/graphical artifact family, multilingual.",high,
f8233,1,81635,=localhost,'=localhost',0.70330250,technical context stress,semantic_coherent,localhost,"Localhost and configuration-key surface family, including =localhost, =admin, =http, and path-like tokens.",medium,server/config-token feature
f8233,2,8043,localhost,'localhost',0.22841054,technical context stress,semantic_coherent,localhost,"Localhost and configuration-key surface family, including =localhost, =admin, =http, and path-like tokens.",medium,server/config-token feature
f8233,3,45843, localhost,' localhost',0.21771547,technical context stress,semantic_coherent,localhost,"Localhost and configuration-key surface family, including =localhost, =admin, =http, and path-like tokens.",medium,server/config-token feature
f8233,4,92575,=admin,'=admin',0.12819579,technical context stress,semantic_coherent,localhost,"Localhost and configuration-key surface family, including =localhost, =admin, =http, and path-like tokens.",medium,server/config-token feature
f8233,5,33569,=http,'=http',0.10220964,technical context stress,semantic_coherent,localhost,"Localhost and configuration-key surface family, including =localhost, =admin, =http, and path-like tokens.",medium,server/config-token feature
f8233,6,93832,=./,'=./',0.09927136,technical context stress,semantic_coherent,localhost,"Localhost and configuration-key surface family, including =localhost, =admin, =http, and path-like tokens.",medium,server/config-token feature
f8233,7,32864,=mysql,'=mysql',0.08742817,technical context stress,semantic_coherent,localhost,"Localhost and configuration-key surface family, including =localhost, =admin, =http, and path-like tokens.",medium,server/config-token feature
f8233,8,65146,=username,'=username',0.07510594,technical context stress,semantic_coherent,localhost,"Localhost and configuration-key surface family, including =localhost, =admin, =http, and path-like tokens.",medium,server/config-token feature
f8233,9,50251,=https,'=https',0.07419652,technical context stress,semantic_coherent,localhost,"Localhost and configuration-key surface family, including =localhost, =admin, =http, and path-like tokens.",medium,server/config-token feature
f8233,10,43684,.ttf,'.ttf',0.06611729,technical context stress,semantic_coherent,localhost,"Localhost and configuration-key surface family, including =localhost, =admin, =http, and path-like tokens.",medium,server/config-token feature
f8233,11,238306, లే,' లే',0.06013309,technical context stress,semantic_coherent,localhost,"Localhost and configuration-key surface family, including =localhost, =admin, =http, and path-like tokens.",medium,server/config-token feature
f8233,12,70818,fallback,'fallback',0.05902161,technical context stress,semantic_coherent,localhost,"Localhost and configuration-key surface family, including =localhost, =admin, =http, and path-like tokens.",medium,server/config-token feature
f8233,13,247159,篤,'篤',0.05866362,technical context stress,semantic_coherent,localhost,"Localhost and configuration-key surface family, including =localhost, =admin, =http, and path-like tokens.",medium,server/config-token feature
f8233,14,188454,лега,'лега',0.05756690,technical context stress,semantic_coherent,localhost,"Localhost and configuration-key surface family, including =localhost, =admin, =http, and path-like tokens.",medium,server/config-token feature
f8233,15,227862, Trieste,' Trieste',0.05697896,technical context stress,semantic_coherent,localhost,"Localhost and configuration-key surface family, including =localhost, =admin, =http, and path-like tokens.",medium,server/config-token feature
f8233,16,237027, Warszawa,' Warszawa',0.05662487,technical context stress,semantic_coherent,localhost,"Localhost and configuration-key surface family, including =localhost, =admin, =http, and path-like tokens.",medium,server/config-token feature
f8233,17,219355, dopiero,' dopiero',0.05660033,technical context stress,semantic_coherent,localhost,"Localhost and configuration-key surface family, including =localhost, =admin, =http, and path-like tokens.",medium,server/config-token feature
f8233,18,44308,oomla,'oomla',0.05648902,technical context stress,semantic_coherent,localhost,"Localhost and configuration-key surface family, including =localhost, =admin, =http, and path-like tokens.",medium,server/config-token feature
f8233,19,2917,egin,'egin',0.05589236,technical context stress,semantic_coherent,localhost,"Localhost and configuration-key surface family, including =localhost, =admin, =http, and path-like tokens.",medium,server/config-token feature
f8233,20,84199,Fallback,'Fallback',0.05584372,technical context stress,semantic_coherent,localhost,"Localhost and configuration-key surface family, including =localhost, =admin, =http, and path-like tokens.",medium,server/config-token feature
f9249,1,8220, responsible,' responsible',0.54426450,general readout examples,semantic_coherent,responsible,Responsibility/accountability lexical family across languages.,high,
f9249,2,65346, Responsible,' Responsible',0.35542807,general readout examples,semantic_coherent,responsible,Responsibility/accountability lexical family across languages.,high,
f9249,3,179112, responsável,' responsável',0.32068941,general readout examples,semantic_coherent,responsible,Responsibility/accountability lexical family across languages.,high,
f9249,4,74205, responsable,' responsable',0.31536540,general readout examples,semantic_coherent,responsible,Responsibility/accountability lexical family across languages.,high,
f9249,5,204059, responsáveis,' responsáveis',0.30219555,general readout examples,semantic_coherent,responsible,Responsibility/accountability lexical family across languages.,high,
f9249,6,179685, responsables,' responsables',0.29318717,general readout examples,semantic_coherent,responsible,Responsibility/accountability lexical family across languages.,high,
f9249,7,40913,ponsible,'ponsible',0.29197171,general readout examples,semantic_coherent,responsible,Responsibility/accountability lexical family across languages.,high,
f9249,8,97279,负责,'负责',0.27284959,general readout examples,semantic_coherent,responsible,Responsibility/accountability lexical family across languages.,high,
f9249,9,11415, responsibility,' responsibility',0.26041934,general readout examples,semantic_coherent,responsible,Responsibility/accountability lexical family across languages.,high,
f9249,10,105310,負責,'負責',0.25973171,general readout examples,semantic_coherent,responsible,Responsibility/accountability lexical family across languages.,high,
f9249,11,207246, odpowiedzial,' odpowiedzial',0.25114891,general readout examples,semantic_coherent,responsible,Responsibility/accountability lexical family across languages.,high,
f9249,12,190304, verantwortlich,' verantwortlich',0.24822612,general readout examples,semantic_coherent,responsible,Responsibility/accountability lexical family across languages.,high,
f9249,13,183869, responsabile,' responsabile',0.24526577,general readout examples,semantic_coherent,responsible,Responsibility/accountability lexical family across languages.,high,
f9249,14,214889, responsabili,' responsabili',0.23422699,general readout examples,semantic_coherent,responsible,Responsibility/accountability lexical family across languages.,high,
f9249,15,205837, verantwoord,' verantwoord',0.20335531,general readout examples,semantic_coherent,responsible,Responsibility/accountability lexical family across languages.,high,
f9249,16,74956, Responsibility,' Responsibility',0.20159025,general readout examples,semantic_coherent,responsible,Responsibility/accountability lexical family across languages.,high,
f9249,17,193501, bertanggung,' bertanggung',0.20072262,general readout examples,semantic_coherent,responsible,Responsibility/accountability lexical family across languages.,high,
f9249,18,34687, accountable,' accountable',0.19855718,general readout examples,semantic_coherent,responsible,Responsibility/accountability lexical family across languages.,high,
f9249,19,162953, verantwort,' verantwort',0.19784012,general readout examples,semantic_coherent,responsible,Responsibility/accountability lexical family across languages.,high,
f9249,20,157488, المسؤول,' المسؤول',0.18950503,general readout examples,semantic_coherent,responsible,Responsibility/accountability lexical family across languages.,high,
f9280,1,4667, callback,' callback',0.58317959,technical context stress,semantic_coherent,callback,Callback/handler programming-token family.,high,
f9280,2,13105,callback,'callback',0.42056698,technical context stress,semantic_coherent,callback,Callback/handler programming-token family.,high,
f9280,3,21964, Callback,' Callback',0.36736509,technical context stress,semantic_coherent,callback,Callback/handler programming-token family.,high,
f9280,4,7259,Callback,'Callback',0.34311113,technical context stress,semantic_coherent,callback,Callback/handler programming-token family.,high,
f9280,5,12160,_callback,'_callback',0.28961709,technical context stress,semantic_coherent,callback,Callback/handler programming-token family.,high,
f9280,6,25827, callbacks,' callbacks',0.27880576,technical context stress,semantic_coherent,callback,Callback/handler programming-token family.,high,
f9280,7,41918,\tcallback,'\tcallback',0.26909927,technical context stress,semantic_coherent,callback,Callback/handler programming-token family.,high,
f9280,8,26766,.callback,'.callback',0.21707889,technical context stress,semantic_coherent,callback,Callback/handler programming-token family.,high,
f9280,9,115169,回调,'回调',0.21041831,technical context stress,semantic_coherent,callback,Callback/handler programming-token family.,high,
f9280,10,23186,(callback,'(callback',0.19138250,technical context stress,semantic_coherent,callback,Callback/handler programming-token family.,high,
f9280,11,82553,",callback","',callback'",0.17774653,technical context stress,semantic_coherent,callback,Callback/handler programming-token family.,high,
f9280,12,34588,_CALLBACK,'_CALLBACK',0.17718732,technical context stress,semantic_coherent,callback,Callback/handler programming-token family.,high,
f9280,13,65005,CallBack,'CallBack',0.16825224,technical context stress,semantic_coherent,callback,Callback/handler programming-token family.,high,
f9280,14,88374,/callback,'/callback',0.16547716,technical context stress,semantic_coherent,callback,Callback/handler programming-token family.,high,
f9280,15,70802, CALLBACK,' CALLBACK',0.14304890,technical context stress,semantic_coherent,callback,Callback/handler programming-token family.,high,
f9280,16,53252,_Callback,'_Callback',0.14013352,technical context stress,semantic_coherent,callback,Callback/handler programming-token family.,high,
f9280,17,47155,.Callback,'.Callback',0.13760516,technical context stress,semantic_coherent,callback,Callback/handler programming-token family.,high,
f9280,18,9566, cb,' cb',0.13724971,technical context stress,semantic_coherent,callback,Callback/handler programming-token family.,high,
f9280,19,66000,callbacks,'callbacks',0.13386329,technical context stress,semantic_coherent,callback,Callback/handler programming-token family.,high,
f9280,20,6795, handler,' handler',0.12425684,technical context stress,semantic_coherent,callback,Callback/handler programming-token family.,high,
f9991,1,22839, engineer,' engineer',0.46872684,fixed-token context panels,nonsemantic_or_ambiguous,engineer,Occupational/profession family centered on engineer; weak evidence for the audited bridge-side interpretation.,medium,navigation-only in audit
f9991,2,27458, Engineer,' Engineer',0.20779270,fixed-token context panels,nonsemantic_or_ambiguous,engineer,Occupational/profession family centered on engineer; weak evidence for the audited bridge-side interpretation.,medium,navigation-only in audit
f9991,3,23438, engineers,' engineers',0.15183985,fixed-token context panels,nonsemantic_or_ambiguous,engineer,Occupational/profession family centered on engineer; weak evidence for the audited bridge-side interpretation.,medium,navigation-only in audit
f9991,4,98941,工程师,'工程师',0.11368120,fixed-token context panels,nonsemantic_or_ambiguous,engineer,Occupational/profession family centered on engineer; weak evidence for the audited bridge-side interpretation.,medium,navigation-only in audit
f9991,5,14268, designer,' designer',0.10618188,fixed-token context panels,nonsemantic_or_ambiguous,engineer,Occupational/profession family centered on engineer; weak evidence for the audited bridge-side interpretation.,medium,navigation-only in audit
f9991,6,72369, accountant,' accountant',0.10432487,fixed-token context panels,nonsemantic_or_ambiguous,engineer,Occupational/profession family centered on engineer; weak evidence for the audited bridge-side interpretation.,medium,navigation-only in audit
f9991,7,86221, pharmacist,' pharmacist',0.09744091,fixed-token context panels,nonsemantic_or_ambiguous,engineer,Occupational/profession family centered on engineer; weak evidence for the audited bridge-side interpretation.,medium,navigation-only in audit
f9991,8,11141, architect,' architect',0.09655491,fixed-token context panels,nonsemantic_or_ambiguous,engineer,Occupational/profession family centered on engineer; weak evidence for the audited bridge-side interpretation.,medium,navigation-only in audit
f9991,9,14246, engineering,' engineering',0.09354376,fixed-token context panels,nonsemantic_or_ambiguous,engineer,Occupational/profession family centered on engineer; weak evidence for the audited bridge-side interpretation.,medium,navigation-only in audit
f9991,10,27187, nurse,' nurse',0.09039560,fixed-token context panels,nonsemantic_or_ambiguous,engineer,Occupational/profession family centered on engineer; weak evidence for the audited bridge-side interpretation.,medium,navigation-only in audit
f9991,11,51715, technician,' technician',0.08907644,fixed-token context panels,nonsemantic_or_ambiguous,engineer,Occupational/profession family centered on engineer; weak evidence for the audited bridge-side interpretation.,medium,navigation-only in audit
f9991,12,52381, referee,' referee',0.08518612,fixed-token context panels,nonsemantic_or_ambiguous,engineer,Occupational/profession family centered on engineer; weak evidence for the audited bridge-side interpretation.,medium,navigation-only in audit
f9991,13,26578, scientist,' scientist',0.08498178,fixed-token context panels,nonsemantic_or_ambiguous,engineer,Occupational/profession family centered on engineer; weak evidence for the audited bridge-side interpretation.,medium,navigation-only in audit
f9991,14,27332, entrepreneur,' entrepreneur',0.08011913,fixed-token context panels,nonsemantic_or_ambiguous,engineer,Occupational/profession family centered on engineer; weak evidence for the audited bridge-side interpretation.,medium,navigation-only in audit
f9991,15,69224, banker,' banker',0.07690082,fixed-token context panels,nonsemantic_or_ambiguous,engineer,Occupational/profession family centered on engineer; weak evidence for the audited bridge-side interpretation.,medium,navigation-only in audit
f9991,16,17695, analyst,' analyst',0.07621102,fixed-token context panels,nonsemantic_or_ambiguous,engineer,Occupational/profession family centered on engineer; weak evidence for the audited bridge-side interpretation.,medium,navigation-only in audit
f9991,17,30067, researcher,' researcher',0.07387500,fixed-token context panels,nonsemantic_or_ambiguous,engineer,Occupational/profession family centered on engineer; weak evidence for the audited bridge-side interpretation.,medium,navigation-only in audit
f9991,18,27183, administrator,' administrator',0.07338929,fixed-token context panels,nonsemantic_or_ambiguous,engineer,Occupational/profession family centered on engineer; weak evidence for the audited bridge-side interpretation.,medium,navigation-only in audit
f9991,19,211618,φαλ,'φαλ',0.07274604,fixed-token context panels,nonsemantic_or_ambiguous,engineer,Occupational/profession family centered on engineer; weak evidence for the audited bridge-side interpretation.,medium,navigation-only in audit
f9991,20,46194, programmer,' programmer',0.07046484,fixed-token context panels,nonsemantic_or_ambiguous,engineer,Occupational/profession family centered on engineer; weak evidence for the audited bridge-side interpretation.,medium,navigation-only in audit
f11016,1,9064, experiment,' experiment',0.49952966,technical context stress,nonsemantic_or_ambiguous,experiment,Experiment/experimental lexical family; coherent but not specific to the audited data-structure target.,medium,navigation-only in audit
f11016,2,57423,experiment,'experiment',0.37888604,technical context stress,nonsemantic_or_ambiguous,experiment,Experiment/experimental lexical family; coherent but not specific to the audited data-structure target.,medium,navigation-only in audit
f11016,3,45229, Experiment,' Experiment',0.34401125,technical context stress,nonsemantic_or_ambiguous,experiment,Experiment/experimental lexical family; coherent but not specific to the audited data-structure target.,medium,navigation-only in audit
f11016,4,20554, experiments,' experiments',0.32412118,technical context stress,nonsemantic_or_ambiguous,experiment,Experiment/experimental lexical family; coherent but not specific to the audited data-structure target.,medium,navigation-only in audit
f11016,5,75121,Experiment,'Experiment',0.31614390,technical context stress,nonsemantic_or_ambiguous,experiment,Experiment/experimental lexical family; coherent but not specific to the audited data-structure target.,medium,navigation-only in audit
f11016,6,221634, эксперим,' эксперим',0.29621026,technical context stress,nonsemantic_or_ambiguous,experiment,Experiment/experimental lexical family; coherent but not specific to the audited data-structure target.,medium,navigation-only in audit
f11016,7,98631,实验,'实验',0.29265019,technical context stress,nonsemantic_or_ambiguous,experiment,Experiment/experimental lexical family; coherent but not specific to the audited data-structure target.,medium,navigation-only in audit
f11016,8,132905,实验中,'实验中',0.26550779,technical context stress,nonsemantic_or_ambiguous,experiment,Experiment/experimental lexical family; coherent but not specific to the audited data-structure target.,medium,navigation-only in audit
f11016,9,106144,實驗,'實驗',0.25341889,technical context stress,nonsemantic_or_ambiguous,experiment,Experiment/experimental lexical family; coherent but not specific to the audited data-structure target.,medium,navigation-only in audit
f11016,10,197717, expériment,' expériment',0.23748145,technical context stress,nonsemantic_or_ambiguous,experiment,Experiment/experimental lexical family; coherent but not specific to the audited data-structure target.,medium,navigation-only in audit
f11016,11,221635, эксперимента,' эксперимента',0.23545063,technical context stress,nonsemantic_or_ambiguous,experiment,Experiment/experimental lexical family; coherent but not specific to the audited data-structure target.,medium,navigation-only in audit
f11016,12,79461,_experiment,'_experiment',0.23005685,technical context stress,nonsemantic_or_ambiguous,experiment,Experiment/experimental lexical family; coherent but not specific to the audited data-structure target.,medium,navigation-only in audit
f11016,13,21322, experimental,' experimental',0.22997689,technical context stress,nonsemantic_or_ambiguous,experiment,Experiment/experimental lexical family; coherent but not specific to the audited data-structure target.,medium,navigation-only in audit
f11016,14,247637,実験,'実験',0.21876316,technical context stress,nonsemantic_or_ambiguous,experiment,Experiment/experimental lexical family; coherent but not specific to the audited data-structure target.,medium,navigation-only in audit
f11016,15,62898, experimentation,' experimentation',0.20493311,technical context stress,nonsemantic_or_ambiguous,experiment,Experiment/experimental lexical family; coherent but not specific to the audited data-structure target.,medium,navigation-only in audit
f11016,16,137467,的实验,'的实验',0.20353030,technical context stress,nonsemantic_or_ambiguous,experiment,Experiment/experimental lexical family; coherent but not specific to the audited data-structure target.,medium,navigation-only in audit
f11016,17,13918,periment,'periment',0.20307671,technical context stress,nonsemantic_or_ambiguous,experiment,Experiment/experimental lexical family; coherent but not specific to the audited data-structure target.,medium,navigation-only in audit
f11016,18,78526,Experimental,'Experimental',0.20295419,technical context stress,nonsemantic_or_ambiguous,experiment,Experiment/experimental lexical family; coherent but not specific to the audited data-structure target.,medium,navigation-only in audit
f11016,19,54713, Experimental,' Experimental',0.19607432,technical context stress,nonsemantic_or_ambiguous,experiment,Experiment/experimental lexical family; coherent but not specific to the audited data-structure target.,medium,navigation-only in audit
f11016,20,187851, speriment,' speriment',0.19480769,technical context stress,nonsemantic_or_ambiguous,experiment,Experiment/experimental lexical family; coherent but not specific to the audited data-structure target.,medium,navigation-only in audit
f12662,1,95852,地,'地',0.20163704,technical context stress,token_form_artifact,km/TR/gest/of,High-frequency single Chinese-character token feature.,high,token-form artifact
f12662,2,95793,和,'和',0.19189395,technical context stress,token_form_artifact,km/TR/gest/of,High-frequency single Chinese-character token feature.,high,token-form artifact
f12662,3,95789,中,'中',0.19075991,technical context stress,token_form_artifact,km/TR/gest/of,High-frequency single Chinese-character token feature.,high,token-form artifact
f12662,4,96168,台,'台',0.18865581,technical context stress,token_form_artifact,km/TR/gest/of,High-frequency single Chinese-character token feature.,high,token-form artifact
f12662,5,96007,安,'安',0.18413669,technical context stress,token_form_artifact,km/TR/gest/of,High-frequency single Chinese-character token feature.,high,token-form artifact
f12662,6,95761,是,'是',0.18313754,technical context stress,token_form_artifact,km/TR/gest/of,High-frequency single Chinese-character token feature.,high,token-form artifact
f12662,7,95802,上,'上',0.17992254,technical context stress,token_form_artifact,km/TR/gest/of,High-frequency single Chinese-character token feature.,high,token-form artifact
f12662,8,96971,茶,'茶',0.17650075,technical context stress,token_form_artifact,km/TR/gest/of,High-frequency single Chinese-character token feature.,high,token-form artifact
f12662,9,95882,新,'新',0.17625342,technical context stress,token_form_artifact,km/TR/gest/of,High-frequency single Chinese-character token feature.,high,token-form artifact
f12662,10,96556,青,'青',0.17446493,technical context stress,token_form_artifact,km/TR/gest/of,High-frequency single Chinese-character token feature.,high,token-form artifact
f12662,11,95871,国,'国',0.17394373,technical context stress,token_form_artifact,km/TR/gest/of,High-frequency single Chinese-character token feature.,high,token-form artifact
f12662,12,97249,沙,'沙',0.17388535,technical context stress,token_form_artifact,km/TR/gest/of,High-frequency single Chinese-character token feature.,high,token-form artifact
f12662,13,95772,在,'在',0.17280191,technical context stress,token_form_artifact,km/TR/gest/of,High-frequency single Chinese-character token feature.,high,token-form artifact
f12662,14,96420,微,'微',0.17188326,technical context stress,token_form_artifact,km/TR/gest/of,High-frequency single Chinese-character token feature.,high,token-form artifact
f12662,15,96219,清,'清',0.17128205,technical context stress,token_form_artifact,km/TR/gest/of,High-frequency single Chinese-character token feature.,high,token-form artifact
f12662,16,96063,外,'外',0.17043094,technical context stress,token_form_artifact,km/TR/gest/of,High-frequency single Chinese-character token feature.,high,token-form artifact
f12662,17,100222,铜,'铜',0.16951551,technical context stress,token_form_artifact,km/TR/gest/of,High-frequency single Chinese-character token feature.,high,token-form artifact
f12662,18,95849,下,'下',0.16845995,technical context stress,token_form_artifact,km/TR/gest/of,High-frequency single Chinese-character token feature.,high,token-form artifact
f12662,19,95883,高,'高',0.16845049,technical context stress,token_form_artifact,km/TR/gest/of,High-frequency single Chinese-character token feature.,high,token-form artifact
f12662,20,95912,面,'面',0.16836591,technical context stress,token_form_artifact,km/TR/gest/of,High-frequency single Chinese-character token feature.,high,token-form artifact
f13081,1,1401,Error,'Error',0.54142791,main bug panels,semantic_coherent,Error/error/errors,Error/Error/errors surface family with code-style prefixes and punctuation.,high,
f13081,2,4451, Error,' Error',0.39976001,main bug panels,semantic_coherent,Error/error/errors,Error/Error/errors surface family with code-style prefixes and punctuation.,high,
f13081,3,1412, error,' error',0.28279290,main bug panels,semantic_coherent,Error/error/errors,Error/Error/errors surface family with code-style prefixes and punctuation.,high,
f13081,4,56451,\tError,'\tError',0.28217790,main bug panels,semantic_coherent,Error/error/errors,Error/Error/errors surface family with code-style prefixes and punctuation.,high,
f13081,5,3960,_error,'_error',0.27224779,main bug panels,semantic_coherent,Error/error/errors,Error/Error/errors surface family with code-style prefixes and punctuation.,high,
f13081,6,815,error,'error',0.25879011,main bug panels,semantic_coherent,Error/error/errors,Error/Error/errors surface family with code-style prefixes and punctuation.,high,
f13081,7,18346,-error,'-error',0.25651252,main bug panels,semantic_coherent,Error/error/errors,Error/Error/errors surface family with code-style prefixes and punctuation.,high,
f13081,8,5246,_ERROR,'_ERROR',0.25162536,main bug panels,semantic_coherent,Error/error/errors,Error/Error/errors surface family with code-style prefixes and punctuation.,high,
f13081,9,12505, ERROR,' ERROR',0.25078723,main bug panels,semantic_coherent,Error/error/errors,Error/Error/errors surface family with code-style prefixes and punctuation.,high,
f13081,10,3556,ERROR,'ERROR',0.24704869,main bug panels,semantic_coherent,Error/error/errors,Error/Error/errors surface family with code-style prefixes and punctuation.,high,
f13081,11,5787, errors,' errors',0.23532780,main bug panels,semantic_coherent,Error/error/errors,Error/Error/errors surface family with code-style prefixes and punctuation.,high,
f13081,12,63963,>Error,'>Error',0.23221450,main bug panels,semantic_coherent,Error/error/errors,Error/Error/errors surface family with code-style prefixes and punctuation.,high,
f13081,13,5949,.Error,'.Error',0.22965975,main bug panels,semantic_coherent,Error/error/errors,Error/Error/errors surface family with code-style prefixes and punctuation.,high,
f13081,14,36159,(Error,'(Error',0.22697230,main bug panels,semantic_coherent,Error/error/errors,Error/Error/errors surface family with code-style prefixes and punctuation.,high,
f13081,15,27715,_Error,'_Error',0.22224203,main bug panels,semantic_coherent,Error/error/errors,Error/Error/errors surface family with code-style prefixes and punctuation.,high,
f13081,16,111162,误差,'误差',0.21781044,main bug panels,semantic_coherent,Error/error/errors,Error/Error/errors surface family with code-style prefixes and punctuation.,high,
f13081,17,244702,エラー,'エラー',0.21509685,main bug panels,semantic_coherent,Error/error/errors,Error/Error/errors surface family with code-style prefixes and punctuation.,high,
f13081,18,4273,.error,'.error',0.21006426,main bug panels,semantic_coherent,Error/error/errors,Error/Error/errors surface family with code-style prefixes and punctuation.,high,
f13081,19,37958, Errors,' Errors',0.20881033,main bug panels,semantic_coherent,Error/error/errors,Error/Error/errors surface family with code-style prefixes and punctuation.,high,
f13081,20,92932,/Error,'/Error',0.20695719,main bug panels,semantic_coherent,Error/error/errors,Error/Error/errors surface family with code-style prefixes and punctuation.,high,
f13473,1,12803, accused,' accused',0.61761707,general readout examples,semantic_coherent,accused/acusado,"Accusation/blame legal-action family, including accuse/accused/alleged/sued tokens.",high,
f13473,2,201490, acusado,' acusado',0.21285777,general readout examples,semantic_coherent,accused/acusado,"Accusation/blame legal-action family, including accuse/accused/alleged/sued tokens.",high,
f13473,3,83086, accuses,' accuses',0.19508368,general readout examples,semantic_coherent,accused/acusado,"Accusation/blame legal-action family, including accuse/accused/alleged/sued tokens.",high,
f13473,4,59562, accuse,' accuse',0.19196358,general readout examples,semantic_coherent,accused/acusado,"Accusation/blame legal-action family, including accuse/accused/alleged/sued tokens.",high,
f13473,5,160906, acus,' acus',0.16586162,general readout examples,semantic_coherent,accused/acusado,"Accusation/blame legal-action family, including accuse/accused/alleged/sued tokens.",high,
f13473,6,34296, accusations,' accusations',0.14499955,general readout examples,semantic_coherent,accused/acusado,"Accusation/blame legal-action family, including accuse/accused/alleged/sued tokens.",high,
f13473,7,46864, accusing,' accusing',0.13935745,general readout examples,semantic_coherent,accused/acusado,"Accusation/blame legal-action family, including accuse/accused/alleged/sued tokens.",high,
f13473,8,30477, criticized,' criticized',0.13584688,general readout examples,semantic_coherent,accused/acusado,"Accusation/blame legal-action family, including accuse/accused/alleged/sued tokens.",high,
f13473,9,10178, alleged,' alleged',0.12062635,general readout examples,semantic_coherent,accused/acusado,"Accusation/blame legal-action family, including accuse/accused/alleged/sued tokens.",high,
f13473,10,62231, accusation,' accusation',0.11294254,general readout examples,semantic_coherent,accused/acusado,"Accusation/blame legal-action family, including accuse/accused/alleged/sued tokens.",high,
f13473,11,24696, accus,' accus',0.10964624,general readout examples,semantic_coherent,accused/acusado,"Accusation/blame legal-action family, including accuse/accused/alleged/sued tokens.",high,
f13473,12,57374, criticised,' criticised',0.10089082,general readout examples,semantic_coherent,accused/acusado,"Accusation/blame legal-action family, including accuse/accused/alleged/sued tokens.",high,
f13473,13,246271, обвин,' обвин',0.09220462,general readout examples,semantic_coherent,accused/acusado,"Accusation/blame legal-action family, including accuse/accused/alleged/sued tokens.",high,
f13473,14,33936, blamed,' blamed',0.08893290,general readout examples,semantic_coherent,accused/acusado,"Accusation/blame legal-action family, including accuse/accused/alleged/sued tokens.",high,
f13473,15,228813, acusa,' acusa',0.08557100,general readout examples,semantic_coherent,accused/acusado,"Accusation/blame legal-action family, including accuse/accused/alleged/sued tokens.",high,
f13473,16,22368, convicted,' convicted',0.08512259,general readout examples,semantic_coherent,accused/acusado,"Accusation/blame legal-action family, including accuse/accused/alleged/sued tokens.",high,
f13473,17,199723,สกุล,'สกุล',0.08236311,general readout examples,semantic_coherent,accused/acusado,"Accusation/blame legal-action family, including accuse/accused/alleged/sued tokens.",high,
f13473,18,54601, thanked,' thanked',0.07651567,general readout examples,semantic_coherent,accused/acusado,"Accusation/blame legal-action family, including accuse/accused/alleged/sued tokens.",high,
f13473,19,39727, sued,' sued',0.07593201,general readout examples,semantic_coherent,accused/acusado,"Accusation/blame legal-action family, including accuse/accused/alleged/sued tokens.",high,
f13473,20,36673, condemned,' condemned',0.07448502,general readout examples,semantic_coherent,accused/acusado,"Accusation/blame legal-action family, including accuse/accused/alleged/sued tokens.",high,
f13835,1,212184, gráfico,' gráfico',0.64242822,technical context stress,semantic_coherent,grafico/graficos/grafica,Graph/chart lexical family in Romance/Indonesian/English forms.,high,
f13835,2,223112, gráficos,' gráficos',0.36032045,technical context stress,semantic_coherent,grafico/graficos/grafica,Graph/chart lexical family in Romance/Indonesian/English forms.,high,
f13835,3,233822, gráfica,' gráfica',0.32119909,technical context stress,semantic_coherent,grafico/graficos/grafica,Graph/chart lexical family in Romance/Indonesian/English forms.,high,
f13835,4,211216, graphique,' graphique',0.28479239,technical context stress,semantic_coherent,grafico/graficos/grafica,Graph/chart lexical family in Romance/Indonesian/English forms.,high,
f13835,5,201868, grafik,' grafik',0.19508289,technical context stress,semantic_coherent,grafico/graficos/grafica,Graph/chart lexical family in Romance/Indonesian/English forms.,high,
f13835,6,229402, grafis,' grafis',0.17736121,technical context stress,semantic_coherent,grafico/graficos/grafica,Graph/chart lexical family in Romance/Indonesian/English forms.,high,
f13835,7,56338, graf,' graf',0.15703964,technical context stress,semantic_coherent,grafico/graficos/grafica,Graph/chart lexical family in Romance/Indonesian/English forms.,high,
f13835,8,211782, Grafik,' Grafik',0.15565591,technical context stress,semantic_coherent,grafico/graficos/grafica,Graph/chart lexical family in Romance/Indonesian/English forms.,high,
f13835,9,4618, graph,' graph',0.14940934,technical context stress,semantic_coherent,grafico/graficos/grafica,Graph/chart lexical family in Romance/Indonesian/English forms.,high,
f13835,10,51357, graphical,' graphical',0.14784989,technical context stress,semantic_coherent,grafico/graficos/grafica,Graph/chart lexical family in Romance/Indonesian/English forms.,high,
f13835,11,208641,กราฟ,'กราฟ',0.14446527,technical context stress,semantic_coherent,grafico/graficos/grafica,Graph/chart lexical family in Romance/Indonesian/English forms.,high,
f13835,12,216657, grafica,' grafica',0.14324053,technical context stress,semantic_coherent,grafico/graficos/grafica,Graph/chart lexical family in Romance/Indonesian/English forms.,high,
f13835,13,37707, graphs,' graphs',0.13523144,technical context stress,semantic_coherent,grafico/graficos/grafica,Graph/chart lexical family in Romance/Indonesian/English forms.,high,
f13835,14,19889, graphic,' graphic',0.12662832,technical context stress,semantic_coherent,grafico/graficos/grafica,Graph/chart lexical family in Romance/Indonesian/English forms.,high,
f13835,15,109482,图形,'图形',0.12214147,technical context stress,semantic_coherent,grafico/graficos/grafica,Graph/chart lexical family in Romance/Indonesian/English forms.,high,
f13835,16,242400,グラフ,'グラフ',0.12204022,technical context stress,semantic_coherent,grafico/graficos/grafica,Graph/chart lexical family in Romance/Indonesian/English forms.,high,
f13835,17,11817, Graph,' Graph',0.11887591,technical context stress,semantic_coherent,grafico/graficos/grafica,Graph/chart lexical family in Romance/Indonesian/English forms.,high,
f13835,18,10886,Graph,'Graph',0.11550900,technical context stress,semantic_coherent,grafico/graficos/grafica,Graph/chart lexical family in Romance/Indonesian/English forms.,high,
f13835,19,4293,graph,'graph',0.11510801,technical context stress,semantic_coherent,grafico/graficos/grafica,Graph/chart lexical family in Romance/Indonesian/English forms.,high,
f13835,20,90932,áfico,'áfico',0.11384720,technical context stress,semantic_coherent,grafico/graficos/grafica,Graph/chart lexical family in Romance/Indonesian/English forms.,high,
f13856,1,98713,狗,'狗',0.64050972,additional bark/bass margins,semantic_coherent,dog/dogs,Dog/canine lexical family across languages.,high,
f13856,2,134405,狗的,'狗的',0.45917469,additional bark/bass margins,semantic_coherent,dog/dogs,Dog/canine lexical family across languages.,high,
f13856,3,5388, dog,' dog',0.34623083,additional bark/bass margins,semantic_coherent,dog/dogs,Dog/canine lexical family across languages.,high,
f13856,4,12228, dogs,' dogs',0.32992384,additional bark/bass margins,semantic_coherent,dog/dogs,Dog/canine lexical family across languages.,high,
f13856,5,13846, Dog,' Dog',0.31326261,additional bark/bass margins,semantic_coherent,dog/dogs,Dog/canine lexical family across languages.,high,
f13856,6,47300,Dog,'Dog',0.31198117,additional bark/bass margins,semantic_coherent,dog/dogs,Dog/canine lexical family across languages.,high,
f13856,7,17907,dog,'dog',0.30406579,additional bark/bass margins,semantic_coherent,dog/dogs,Dog/canine lexical family across languages.,high,
f13856,8,37150, Dogs,' Dogs',0.29452798,additional bark/bass margins,semantic_coherent,dog/dogs,Dog/canine lexical family across languages.,high,
f13856,9,109871,狗狗,'狗狗',0.26950353,additional bark/bass margins,semantic_coherent,dog/dogs,Dog/canine lexical family across languages.,high,
f13856,10,116117,小狗,'小狗',0.26632884,additional bark/bass margins,semantic_coherent,dog/dogs,Dog/canine lexical family across languages.,high,
f13856,11,77276,dogs,'dogs',0.24359192,additional bark/bass margins,semantic_coherent,dog/dogs,Dog/canine lexical family across languages.,high,
f13856,12,234111, собака,' собака',0.17465822,additional bark/bass margins,semantic_coherent,dog/dogs,Dog/canine lexical family across languages.,high,
f13856,13,156321, соба,' соба',0.17117384,additional bark/bass margins,semantic_coherent,dog/dogs,Dog/canine lexical family across languages.,high,
f13856,14,195342, chien,' chien',0.16839330,additional bark/bass margins,semantic_coherent,dog/dogs,Dog/canine lexical family across languages.,high,
f13856,15,222737, chiens,' chiens',0.16630946,additional bark/bass margins,semantic_coherent,dog/dogs,Dog/canine lexical family across languages.,high,
f13856,16,72430, canine,' canine',0.16314676,additional bark/bass margins,semantic_coherent,dog/dogs,Dog/canine lexical family across languages.,high,
f13856,17,101166,犬,'犬',0.16188367,additional bark/bass margins,semantic_coherent,dog/dogs,Dog/canine lexical family across languages.,high,
f13856,18,202169, perros,' perros',0.16169067,additional bark/bass margins,semantic_coherent,dog/dogs,Dog/canine lexical family across languages.,high,
f13856,19,204717, собаки,' собаки',0.15795901,additional bark/bass margins,semantic_coherent,dog/dogs,Dog/canine lexical family across languages.,high,
f13856,20,197688, собак,' собак',0.15072738,additional bark/bass margins,semantic_coherent,dog/dogs,Dog/canine lexical family across languages.,high,
f15063,1,40951, remembers,' remembers',0.59149659,technical context stress,semantic_coherent,remembers/remember,Remember/recall human-memory family.,high,
f15063,2,5909, remember,' remember',0.32661480,technical context stress,semantic_coherent,remembers/remember,Remember/recall human-memory family.,high,
f15063,3,25624, remembered,' remembered',0.32603911,technical context stress,semantic_coherent,remembers/remember,Remember/recall human-memory family.,high,
f15063,4,45708, remembering,' remembering',0.28352001,technical context stress,semantic_coherent,remembers/remember,Remember/recall human-memory family.,high,
f15063,5,28321,remember,'remember',0.23843996,technical context stress,semantic_coherent,remembers/remember,Remember/recall human-memory family.,high,
f15063,6,38799, recalls,' recalls',0.20535602,technical context stress,semantic_coherent,remembers/remember,Remember/recall human-memory family.,high,
f15063,7,19276, Remember,' Remember',0.18459854,technical context stress,semantic_coherent,remembers/remember,Remember/recall human-memory family.,high,
f15063,8,30111, recalled,' recalled',0.18259074,technical context stress,semantic_coherent,remembers/remember,Remember/recall human-memory family.,high,
f15063,9,113644,記得,'記得',0.16384846,technical context stress,semantic_coherent,remembers/remember,Remember/recall human-memory family.,high,
f15063,10,85595, recalling,' recalling',0.16360810,technical context stress,semantic_coherent,remembers/remember,Remember/recall human-memory family.,high,
f15063,11,18516, recall,' recall',0.15598500,technical context stress,semantic_coherent,remembers/remember,Remember/recall human-memory family.,high,
f15063,12,101690,记得,'记得',0.15357080,technical context stress,semantic_coherent,remembers/remember,Remember/recall human-memory family.,high,
f15063,13,27656,Remember,'Remember',0.14669463,technical context stress,semantic_coherent,remembers/remember,Remember/recall human-memory family.,high,
f15063,14,90593,recall,'recall',0.12909019,technical context stress,semantic_coherent,remembers/remember,Remember/recall human-memory family.,high,
f15063,15,76800, Recall,' Recall',0.12057094,technical context stress,semantic_coherent,remembers/remember,Remember/recall human-memory family.,high,
f15063,16,171344, nhớ,' nhớ',0.11724260,technical context stress,semantic_coherent,remembers/remember,Remember/recall human-memory family.,high,
f15063,17,221788, вспомина,' вспомина',0.11029449,technical context stress,semantic_coherent,remembers/remember,Remember/recall human-memory family.,high,
f15063,18,192258, ingat,' ingat',0.10734990,technical context stress,semantic_coherent,remembers/remember,Remember/recall human-memory family.,high,
f15063,19,104265,记住,'记住',0.10299326,technical context stress,semantic_coherent,remembers/remember,Remember/recall human-memory family.,high,
f15063,20,189493, recordar,' recordar',0.10170913,technical context stress,semantic_coherent,remembers/remember,Remember/recall human-memory family.,high,
f15524,1,47059, hurricane,' hurricane',0.64701724,technical context stress,nonsemantic_or_ambiguous,hurricane,Storm/disaster family centered on hurricane; not a clean medical-virus feature.,medium,navigation-only in audit
f15524,2,35871, Hurricane,' Hurricane',0.31858099,technical context stress,nonsemantic_or_ambiguous,hurricane,Storm/disaster family centered on hurricane; not a clean medical-virus feature.,medium,navigation-only in audit
f15524,3,85963, hurricanes,' hurricanes',0.24851798,technical context stress,nonsemantic_or_ambiguous,hurricane,Storm/disaster family centered on hurricane; not a clean medical-virus feature.,medium,navigation-only in audit
f15524,4,24259,ricane,'ricane',0.17642288,technical context stress,nonsemantic_or_ambiguous,hurricane,Storm/disaster family centered on hurricane; not a clean medical-virus feature.,medium,navigation-only in audit
f15524,5,93971,Hur,'Hur',0.16435087,technical context stress,nonsemantic_or_ambiguous,hurricane,Storm/disaster family centered on hurricane; not a clean medical-virus feature.,medium,navigation-only in audit
f15524,6,85456, Hurricanes,' Hurricanes',0.14574051,technical context stress,nonsemantic_or_ambiguous,hurricane,Storm/disaster family centered on hurricane; not a clean medical-virus feature.,medium,navigation-only in audit
f15524,7,143025,飓风,'飓风',0.13089286,technical context stress,nonsemantic_or_ambiguous,hurricane,Storm/disaster family centered on hurricane; not a clean medical-virus feature.,medium,navigation-only in audit
f15524,8,154495,hur,'hur',0.11797009,technical context stress,nonsemantic_or_ambiguous,hurricane,Storm/disaster family centered on hurricane; not a clean medical-virus feature.,medium,navigation-only in audit
f15524,9,42704, tornado,' tornado',0.11611435,technical context stress,nonsemantic_or_ambiguous,hurricane,Storm/disaster family centered on hurricane; not a clean medical-virus feature.,medium,navigation-only in audit
f15524,10,36078, earthquake,' earthquake',0.11609662,technical context stress,nonsemantic_or_ambiguous,hurricane,Storm/disaster family centered on hurricane; not a clean medical-virus feature.,medium,navigation-only in audit
f15524,11,68643, tsunami,' tsunami',0.10542102,technical context stress,nonsemantic_or_ambiguous,hurricane,Storm/disaster family centered on hurricane; not a clean medical-virus feature.,medium,navigation-only in audit
f15524,12,12451, hur,' hur',0.08922838,technical context stress,nonsemantic_or_ambiguous,hurricane,Storm/disaster family centered on hurricane; not a clean medical-virus feature.,medium,navigation-only in audit
f15524,13,20130, disaster,' disaster',0.08073694,technical context stress,nonsemantic_or_ambiguous,hurricane,Storm/disaster family centered on hurricane; not a clean medical-virus feature.,medium,navigation-only in audit
f15524,14,112281,台风,'台风',0.07859141,technical context stress,nonsemantic_or_ambiguous,hurricane,Storm/disaster family centered on hurricane; not a clean medical-virus feature.,medium,navigation-only in audit
f15524,15,74414,phoon,'phoon',0.07612886,technical context stress,nonsemantic_or_ambiguous,hurricane,Storm/disaster family centered on hurricane; not a clean medical-virus feature.,medium,navigation-only in audit
f15524,16,20355, Hur,' Hur',0.07581047,technical context stress,nonsemantic_or_ambiguous,hurricane,Storm/disaster family centered on hurricane; not a clean medical-virus feature.,medium,navigation-only in audit
f15524,17,88949, wildfire,' wildfire',0.06805664,technical context stress,nonsemantic_or_ambiguous,hurricane,Storm/disaster family centered on hurricane; not a clean medical-virus feature.,medium,navigation-only in audit
f15524,18,34478,recio,'recio',0.06472288,technical context stress,nonsemantic_or_ambiguous,hurricane,Storm/disaster family centered on hurricane; not a clean medical-virus feature.,medium,navigation-only in audit
f15524,19,168716,ฮอร์,'ฮอร์',0.06324233,technical context stress,nonsemantic_or_ambiguous,hurricane,Storm/disaster family centered on hurricane; not a clean medical-virus feature.,medium,navigation-only in audit
f15524,20,69056,.Millisecond,'.Millisecond',0.06275935,technical context stress,nonsemantic_or_ambiguous,hurricane,Storm/disaster family centered on hurricane; not a clean medical-virus feature.,medium,navigation-only in audit
f15816,1,14506, tub,' tub',0.63945609,technical context stress,semantic_coherent,tub/Tube/tubes,Tube/tub/pipe family with plumbing and biomedical spillover.,medium,
f15816,2,38231, Tub,' Tub',0.45204642,technical context stress,semantic_coherent,tub/Tube/tubes,Tube/tub/pipe family with plumbing and biomedical spillover.,medium,
f15816,3,13311, tube,' tube',0.22698016,technical context stress,semantic_coherent,tub/Tube/tubes,Tube/tub/pipe family with plumbing and biomedical spillover.,medium,
f15816,4,31890, tubes,' tubes',0.22623961,technical context stress,semantic_coherent,tub/Tube/tubes,Tube/tub/pipe family with plumbing and biomedical spillover.,medium,
f15816,5,209552, tuber,' tuber',0.21510789,technical context stress,semantic_coherent,tub/Tube/tubes,Tube/tub/pipe family with plumbing and biomedical spillover.,medium,
f15816,6,198515, tubo,' tubo',0.19959168,technical context stress,semantic_coherent,tub/Tube/tubes,Tube/tub/pipe family with plumbing and biomedical spillover.,medium,
f15816,7,28077, Tube,' Tube',0.18653603,technical context stress,semantic_coherent,tub/Tube/tubes,Tube/tub/pipe family with plumbing and biomedical spillover.,medium,
f15816,8,71231,tube,'tube',0.16601028,technical context stress,semantic_coherent,tub/Tube/tubes,Tube/tub/pipe family with plumbing and biomedical spillover.,medium,
f15816,9,71390, tubing,' tubing',0.16383645,technical context stress,semantic_coherent,tub/Tube/tubes,Tube/tub/pipe family with plumbing and biomedical spillover.,medium,
f15816,10,95989,管,'管',0.16226719,technical context stress,semantic_coherent,tub/Tube/tubes,Tube/tub/pipe family with plumbing and biomedical spillover.,medium,
f15816,11,11512,Tube,'Tube',0.15002699,technical context stress,semantic_coherent,tub/Tube/tubes,Tube/tub/pipe family with plumbing and biomedical spillover.,medium,
f15816,12,189242, труб,' труб',0.14890860,technical context stress,semantic_coherent,tub/Tube/tubes,Tube/tub/pipe family with plumbing and biomedical spillover.,medium,
f15816,13,91111, Tubes,' Tubes',0.14650957,technical context stress,semantic_coherent,tub/Tube/tubes,Tube/tub/pipe family with plumbing and biomedical spillover.,medium,
f15816,14,133350,管子,'管子',0.13746428,technical context stress,semantic_coherent,tub/Tube/tubes,Tube/tub/pipe family with plumbing and biomedical spillover.,medium,
f15816,15,77329, bathtub,' bathtub',0.12967937,technical context stress,semantic_coherent,tub/Tube/tubes,Tube/tub/pipe family with plumbing and biomedical spillover.,medium,
f15816,16,142126,管和,'管和',0.12704414,technical context stress,semantic_coherent,tub/Tube/tubes,Tube/tub/pipe family with plumbing and biomedical spillover.,medium,
f15816,17,113184,管的,'管的',0.12191376,technical context stress,semantic_coherent,tub/Tube/tubes,Tube/tub/pipe family with plumbing and biomedical spillover.,medium,
f15816,18,193602, трубы,' трубы',0.11190346,technical context stress,semantic_coherent,tub/Tube/tubes,Tube/tub/pipe family with plumbing and biomedical spillover.,medium,
f15816,19,104924,试管,'试管',0.10955745,technical context stress,semantic_coherent,tub/Tube/tubes,Tube/tub/pipe family with plumbing and biomedical spillover.,medium,
f15816,20,84129, tuberculosis,' tuberculosis',0.10710639,technical context stress,semantic_coherent,tub/Tube/tubes,Tube/tub/pipe family with plumbing and biomedical spillover.,medium,
f16310,1,16288,Gu,'Gu',0.56427723,general readout examples,nonsemantic_or_ambiguous,Gu/Gu/gu,Gu/gu fragment family with guarantee/GUI spillover.,low,navigation-only in audit
f16310,2,4421, Gu,' Gu',0.30899981,general readout examples,nonsemantic_or_ambiguous,Gu/Gu/gu,Gu/gu fragment family with guarantee/GUI spillover.,low,navigation-only in audit
f16310,3,8452,gu,'gu',0.30049515,general readout examples,nonsemantic_or_ambiguous,Gu/Gu/gu,Gu/gu fragment family with guarantee/GUI spillover.,low,navigation-only in audit
f16310,4,43763, GU,' GU',0.24420987,general readout examples,nonsemantic_or_ambiguous,Gu/Gu/gu,Gu/gu fragment family with guarantee/GUI spillover.,low,navigation-only in audit
f16310,5,52857,GU,'GU',0.22030775,general readout examples,nonsemantic_or_ambiguous,Gu/Gu/gu,Gu/gu fragment family with guarantee/GUI spillover.,low,navigation-only in audit
f16310,6,37708, Guar,' Guar',0.17993402,general readout examples,nonsemantic_or_ambiguous,Gu/Gu/gu,Gu/gu fragment family with guarantee/GUI spillover.,low,navigation-only in audit
f16310,7,1616, gu,' gu',0.17274836,general readout examples,nonsemantic_or_ambiguous,Gu/Gu/gu,Gu/gu fragment family with guarantee/GUI spillover.,low,navigation-only in audit
f16310,8,81598,_GU,'_GU',0.14589833,general readout examples,nonsemantic_or_ambiguous,Gu/Gu/gu,Gu/gu fragment family with guarantee/GUI spillover.,low,navigation-only in audit
f16310,9,175400, Гу,' Гу',0.13970466,general readout examples,nonsemantic_or_ambiguous,Gu/Gu/gu,Gu/gu fragment family with guarantee/GUI spillover.,low,navigation-only in audit
f16310,10,62490, Guarantee,' Guarantee',0.13474347,general readout examples,nonsemantic_or_ambiguous,Gu/Gu/gu,Gu/gu fragment family with guarantee/GUI spillover.,low,navigation-only in audit
f16310,11,77663, Guaranteed,' Guaranteed',0.13369478,general readout examples,nonsemantic_or_ambiguous,Gu/Gu/gu,Gu/gu fragment family with guarantee/GUI spillover.,low,navigation-only in audit
f16310,12,9074, guar,' guar',0.11586478,general readout examples,nonsemantic_or_ambiguous,Gu/Gu/gu,Gu/gu fragment family with guarantee/GUI spillover.,low,navigation-only in audit
f16310,13,14988, guarantee,' guarantee',0.11342902,general readout examples,nonsemantic_or_ambiguous,Gu/Gu/gu,Gu/gu fragment family with guarantee/GUI spillover.,low,navigation-only in audit
f16310,14,89374, Guil,' Guil',0.11089808,general readout examples,nonsemantic_or_ambiguous,Gu/Gu/gu,Gu/gu fragment family with guarantee/GUI spillover.,low,navigation-only in audit
f16310,15,48513, Guys,' Guys',0.10862242,general readout examples,nonsemantic_or_ambiguous,Gu/Gu/gu,Gu/gu fragment family with guarantee/GUI spillover.,low,navigation-only in audit
f16310,16,34475, guarantees,' guarantees',0.10818130,general readout examples,nonsemantic_or_ambiguous,Gu/Gu/gu,Gu/gu fragment family with guarantee/GUI spillover.,low,navigation-only in audit
f16310,17,19616,GUI,'GUI',0.10291237,general readout examples,nonsemantic_or_ambiguous,Gu/Gu/gu,Gu/gu fragment family with guarantee/GUI spillover.,low,navigation-only in audit
f16310,18,226965, Gua,' Gua',0.10280053,general readout examples,nonsemantic_or_ambiguous,Gu/Gu/gu,Gu/gu fragment family with guarantee/GUI spillover.,low,navigation-only in audit
f16310,19,13334,Gui,'Gui',0.09673226,general readout examples,nonsemantic_or_ambiguous,Gu/Gu/gu,Gu/gu fragment family with guarantee/GUI spillover.,low,navigation-only in audit
f16310,20,81360,gua,'gua',0.09538354,general readout examples,nonsemantic_or_ambiguous,Gu/Gu/gu,Gu/gu fragment family with guarantee/GUI spillover.,low,navigation-only in audit
f16851,1,24624, Verify,' Verify',0.37243629,verify/assume DLA,semantic_coherent,Verify,"Verification/action-check family including Verify, Confirm, Ensure, Validate, and verification forms.",high,
f16851,2,31547,Verify,'Verify',0.24612966,verify/assume DLA,semantic_coherent,Verify,"Verification/action-check family including Verify, Confirm, Ensure, Validate, and verification forms.",high,
f16851,3,9845, verify,' verify',0.14534551,verify/assume DLA,semantic_coherent,Verify,"Verification/action-check family including Verify, Confirm, Ensure, Validate, and verification forms.",high,
f16851,4,32451, Confirm,' Confirm',0.10940108,verify/assume DLA,semantic_coherent,Verify,"Verification/action-check family including Verify, Confirm, Ensure, Validate, and verification forms.",high,
f16851,5,12089,verify,'verify',0.10587365,verify/assume DLA,semantic_coherent,Verify,"Verification/action-check family including Verify, Confirm, Ensure, Validate, and verification forms.",high,
f16851,6,28320, Ensure,' Ensure',0.10455186,verify/assume DLA,semantic_coherent,Verify,"Verification/action-check family including Verify, Confirm, Ensure, Validate, and verification forms.",high,
f16851,7,22558, Validate,' Validate',0.09820586,verify/assume DLA,semantic_coherent,Verify,"Verification/action-check family including Verify, Confirm, Ensure, Validate, and verification forms.",high,
f16851,8,75524, VERIFY,' VERIFY',0.09193184,verify/assume DLA,semantic_coherent,Verify,"Verification/action-check family including Verify, Confirm, Ensure, Validate, and verification forms.",high,
f16851,9,53008,.Verify,'.Verify',0.08706938,verify/assume DLA,semantic_coherent,Verify,"Verification/action-check family including Verify, Confirm, Ensure, Validate, and verification forms.",high,
f16851,10,16237,Confirm,'Confirm',0.08521135,verify/assume DLA,semantic_coherent,Verify,"Verification/action-check family including Verify, Confirm, Ensure, Validate, and verification forms.",high,
f16851,11,84828, verifies,' verifies',0.08342809,verify/assume DLA,semantic_coherent,Verify,"Verification/action-check family including Verify, Confirm, Ensure, Validate, and verification forms.",high,
f16851,12,52300, Evaluate,' Evaluate',0.08045383,verify/assume DLA,semantic_coherent,Verify,"Verification/action-check family including Verify, Confirm, Ensure, Validate, and verification forms.",high,
f16851,13,91925, Locate,' Locate',0.07927785,verify/assume DLA,semantic_coherent,Verify,"Verification/action-check family including Verify, Confirm, Ensure, Validate, and verification forms.",high,
f16851,14,53611, Verification,' Verification',0.07775489,verify/assume DLA,semantic_coherent,Verify,"Verification/action-check family including Verify, Confirm, Ensure, Validate, and verification forms.",high,
f16851,15,66532, verifying,' verifying',0.07547124,verify/assume DLA,semantic_coherent,Verify,"Verification/action-check family including Verify, Confirm, Ensure, Validate, and verification forms.",high,
f16851,16,45726, Resolve,' Resolve',0.07529953,verify/assume DLA,semantic_coherent,Verify,"Verification/action-check family including Verify, Confirm, Ensure, Validate, and verification forms.",high,
f16851,17,34459,_verify,'_verify',0.07093990,verify/assume DLA,semantic_coherent,Verify,"Verification/action-check family including Verify, Confirm, Ensure, Validate, and verification forms.",high,
f16851,18,19892, Calculate,' Calculate',0.06863828,verify/assume DLA,semantic_coherent,Verify,"Verification/action-check family including Verify, Confirm, Ensure, Validate, and verification forms.",high,
f16851,19,90365,\tverify,'\tverify',0.06740709,verify/assume DLA,semantic_coherent,Verify,"Verification/action-check family including Verify, Confirm, Ensure, Validate, and verification forms.",high,
f16851,20,102325,市政,'市政',0.06476277,verify/assume DLA,semantic_coherent,Verify,"Verification/action-check family including Verify, Confirm, Ensure, Validate, and verification forms.",high,
f18302,1,88534, Beetle,' Beetle',0.69079751,main bug panels,semantic_coherent,Beetle/beetle/bug,"Beetle/bug surface family, dominated by beetle variants with bug and code-token spillover.",medium,
f18302,2,94027, beetle,' beetle',0.41635507,main bug panels,semantic_coherent,Beetle/beetle/bug,"Beetle/bug surface family, dominated by beetle variants with bug and code-token spillover.",medium,
f18302,3,46410, beet,' beet',0.30696109,main bug panels,semantic_coherent,Beetle/beetle/bug,"Beetle/bug surface family, dominated by beetle variants with bug and code-token spillover.",medium,
f18302,4,71435, Beet,' Beet',0.28260982,main bug panels,semantic_coherent,Beetle/beetle/bug,"Beetle/bug surface family, dominated by beetle variants with bug and code-token spillover.",medium,
f18302,5,29505, Bug,' Bug',0.10433711,main bug panels,semantic_coherent,Beetle/beetle/bug,"Beetle/bug surface family, dominated by beetle variants with bug and code-token spillover.",medium,
f18302,6,45209,Bug,'Bug',0.09914398,main bug panels,semantic_coherent,Beetle/beetle/bug,"Beetle/bug surface family, dominated by beetle variants with bug and code-token spillover.",medium,
f18302,7,9584, bug,' bug',0.08276679,main bug panels,semantic_coherent,Beetle/beetle/bug,"Beetle/bug surface family, dominated by beetle variants with bug and code-token spillover.",medium,
f18302,8,70742,_bug,'_bug',0.08075660,main bug panels,semantic_coherent,Beetle/beetle/bug,"Beetle/bug surface family, dominated by beetle variants with bug and code-token spillover.",medium,
f18302,9,2238,bug,'bug',0.08020201,main bug panels,semantic_coherent,Beetle/beetle/bug,"Beetle/bug surface family, dominated by beetle variants with bug and code-token spillover.",medium,
f18302,10,91947, Finch,' Finch',0.07937073,main bug panels,semantic_coherent,Beetle/beetle/bug,"Beetle/bug surface family, dominated by beetle variants with bug and code-token spillover.",medium,
f18302,11,77246, Beckham,' Beckham',0.07581831,main bug panels,semantic_coherent,Beetle/beetle/bug,"Beetle/bug surface family, dominated by beetle variants with bug and code-token spillover.",medium,
f18302,12,160998,úsqu,'úsqu',0.07009970,main bug panels,semantic_coherent,Beetle/beetle/bug,"Beetle/bug surface family, dominated by beetle variants with bug and code-token spillover.",medium,
f18302,13,3363,BUG,'BUG',0.06647241,main bug panels,semantic_coherent,Beetle/beetle/bug,"Beetle/bug surface family, dominated by beetle variants with bug and code-token spillover.",medium,
f18302,14,76588, buggy,' buggy',0.06604641,main bug panels,semantic_coherent,Beetle/beetle/bug,"Beetle/bug surface family, dominated by beetle variants with bug and code-token spillover.",medium,
f18302,15,165688,나다,'나다',0.06596944,main bug panels,semantic_coherent,Beetle/beetle/bug,"Beetle/bug surface family, dominated by beetle variants with bug and code-token spillover.",medium,
f18302,16,192055,гка,'гка',0.06577116,main bug panels,semantic_coherent,Beetle/beetle/bug,"Beetle/bug surface family, dominated by beetle variants with bug and code-token spillover.",medium,
f18302,17,70060, Marble,' Marble',0.06453180,main bug panels,semantic_coherent,Beetle/beetle/bug,"Beetle/bug surface family, dominated by beetle variants with bug and code-token spillover.",medium,
f18302,18,66216, BUG,' BUG',0.06348487,main bug panels,semantic_coherent,Beetle/beetle/bug,"Beetle/bug surface family, dominated by beetle variants with bug and code-token spillover.",medium,
f18302,19,27778, Beck,' Beck',0.06253148,main bug panels,semantic_coherent,Beetle/beetle/bug,"Beetle/bug surface family, dominated by beetle variants with bug and code-token spillover.",medium,
f18302,20,107119,西亞,'西亞',0.06244662,main bug panels,semantic_coherent,Beetle/beetle/bug,"Beetle/bug surface family, dominated by beetle variants with bug and code-token spillover.",medium,
f18716,1,15535, guilty,' guilty',0.67837954,general readout examples,semantic_coherent,guilty/guilt,"Guilt/culpability/offender family, including guilty, culpable, innocent, and offender tokens.",high,
f18716,2,32732, guilt,' guilt',0.21926990,general readout examples,semantic_coherent,guilty/guilt,"Guilt/culpability/offender family, including guilty, culpable, innocent, and offender tokens.",high,
f18716,3,14616,ilty,'ilty',0.16078839,general readout examples,semantic_coherent,guilty/guilt,"Guilt/culpability/offender family, including guilty, culpable, innocent, and offender tokens.",high,
f18716,4,93581, culp,' culp',0.12952629,general readout examples,semantic_coherent,guilty/guilt,"Guilt/culpability/offender family, including guilty, culpable, innocent, and offender tokens.",high,
f18716,5,23482, innocent,' innocent',0.11131576,general readout examples,semantic_coherent,guilty/guilt,"Guilt/culpability/offender family, including guilty, culpable, innocent, and offender tokens.",high,
f18716,6,207330, винов,' винов',0.10933278,general readout examples,semantic_coherent,guilty/guilt,"Guilt/culpability/offender family, including guilty, culpable, innocent, and offender tokens.",high,
f18716,7,93289, sinful,' sinful',0.08466895,general readout examples,semantic_coherent,guilty/guilt,"Guilt/culpability/offender family, including guilty, culpable, innocent, and offender tokens.",high,
f18716,8,124444,罪的,'罪的',0.07677016,general readout examples,semantic_coherent,guilty/guilt,"Guilt/culpability/offender family, including guilty, culpable, innocent, and offender tokens.",high,
f18716,9,162480,ული,'ული',0.07424282,general readout examples,semantic_coherent,guilty/guilt,"Guilt/culpability/offender family, including guilty, culpable, innocent, and offender tokens.",high,
f18716,10,125043,愧疚,'愧疚',0.07339870,general readout examples,semantic_coherent,guilty/guilt,"Guilt/culpability/offender family, including guilty, culpable, innocent, and offender tokens.",high,
f18716,11,35639, indul,' indul',0.07188228,general readout examples,semantic_coherent,guilty/guilt,"Guilt/culpability/offender family, including guilty, culpable, innocent, and offender tokens.",high,
f18716,12,127645,罪恶,'罪恶',0.07164279,general readout examples,semantic_coherent,guilty/guilt,"Guilt/culpability/offender family, including guilty, culpable, innocent, and offender tokens.",high,
f18716,13,45093, offender,' offender',0.07036807,general readout examples,semantic_coherent,guilty/guilt,"Guilt/culpability/offender family, including guilty, culpable, innocent, and offender tokens.",high,
f18716,14,212783,uldig,'uldig',0.06990490,general readout examples,semantic_coherent,guilty/guilt,"Guilt/culpability/offender family, including guilty, culpable, innocent, and offender tokens.",high,
f18716,15,54657,.links,'.links',0.06901711,general readout examples,semantic_coherent,guilty/guilt,"Guilt/culpability/offender family, including guilty, culpable, innocent, and offender tokens.",high,
f18716,16,4421, Gu,' Gu',0.06849845,general readout examples,semantic_coherent,guilty/guilt,"Guilt/culpability/offender family, including guilty, culpable, innocent, and offender tokens.",high,
f18716,17,149577,ув,'ув',0.06643104,general readout examples,semantic_coherent,guilty/guilt,"Guilt/culpability/offender family, including guilty, culpable, innocent, and offender tokens.",high,
f18716,18,51165, naughty,' naughty',0.06515521,general readout examples,semantic_coherent,guilty/guilt,"Guilt/culpability/offender family, including guilty, culpable, innocent, and offender tokens.",high,
f18716,19,39263, offenders,' offenders',0.06489968,general readout examples,semantic_coherent,guilty/guilt,"Guilt/culpability/offender family, including guilty, culpable, innocent, and offender tokens.",high,
f18716,20,83747, Naughty,' Naughty',0.06480467,general readout examples,semantic_coherent,guilty/guilt,"Guilt/culpability/offender family, including guilty, culpable, innocent, and offender tokens.",high,
f18884,1,513, are,' are',0.48432624,general readout examples,token_form_artifact,are/has/is,"Auxiliary and connector function-word feature, including are/has/is/was/can.",high,token-form artifact
f18884,2,682, has,' has',0.48007792,general readout examples,token_form_artifact,are/has/is,"Auxiliary and connector function-word feature, including are/has/is/was/can.",high,token-form artifact
f18884,3,369, is,' is',0.47562784,general readout examples,token_form_artifact,are/has/is,"Auxiliary and connector function-word feature, including are/has/is/was/can.",high,token-form artifact
f18884,4,557, was,' was',0.45898670,general readout examples,token_form_artifact,are/has/is,"Auxiliary and connector function-word feature, including are/has/is/was/can.",high,token-form artifact
f18884,5,628, can,' can',0.45207220,general readout examples,token_form_artifact,are/has/is,"Auxiliary and connector function-word feature, including are/has/is/was/can.",high,token-form artifact
f18884,6,440, with,' with',0.43104500,general readout examples,token_form_artifact,are/has/is,"Auxiliary and connector function-word feature, including are/has/is/was/can.",high,token-form artifact
f18884,7,998, were,' were',0.42491966,general readout examples,token_form_artifact,are/has/is,"Auxiliary and connector function-word feature, including are/has/is/was/can.",high,token-form artifact
f18884,8,494, from,' from',0.42241532,general readout examples,token_form_artifact,are/has/is,"Auxiliary and connector function-word feature, including are/has/is/was/can.",high,token-form artifact
f18884,9,599, have,' have',0.41904855,general readout examples,token_form_artifact,are/has/is,"Auxiliary and connector function-word feature, including are/has/is/was/can.",high,token-form artifact
f18884,10,1238, after,' after',0.41013354,general readout examples,token_form_artifact,are/has/is,"Auxiliary and connector function-word feature, including are/has/is/was/can.",high,token-form artifact
f18884,11,1345, while,' while',0.40868419,general readout examples,token_form_artifact,are/has/is,"Auxiliary and connector function-word feature, including are/has/is/was/can.",high,token-form artifact
f18884,12,995, had,' had',0.40229046,general readout examples,token_form_artifact,are/has/is,"Auxiliary and connector function-word feature, including are/has/is/was/can.",high,token-form artifact
f18884,13,1362, could,' could',0.39910048,general readout examples,token_form_artifact,are/has/is,"Auxiliary and connector function-word feature, including are/has/is/was/can.",high,token-form artifact
f18884,14,506, at,' at',0.39691818,general readout examples,token_form_artifact,are/has/is,"Auxiliary and connector function-word feature, including are/has/is/was/can.",high,token-form artifact
f18884,15,413, if,' if',0.38792878,general readout examples,token_form_artifact,are/has/is,"Auxiliary and connector function-word feature, including are/has/is/was/can.",high,token-form artifact
f18884,16,668, will,' will',0.38523597,general readout examples,token_form_artifact,are/has/is,"Auxiliary and connector function-word feature, including are/has/is/was/can.",high,token-form artifact
f18884,17,1518, before,' before',0.37753326,general readout examples,token_form_artifact,are/has/is,"Auxiliary and connector function-word feature, including are/has/is/was/can.",high,token-form artifact
f18884,18,364, for,' for',0.37430435,general readout examples,token_form_artifact,are/has/is,"Auxiliary and connector function-word feature, including are/has/is/was/can.",high,token-form artifact
f18884,19,694, but,' but',0.37258947,general readout examples,token_form_artifact,are/has/is,"Auxiliary and connector function-word feature, including are/has/is/was/can.",high,token-form artifact
f18884,20,948, when,' when',0.37232590,general readout examples,token_form_artifact,are/has/is,"Auxiliary and connector function-word feature, including are/has/is/was/can.",high,token-form artifact
f19085,1,1616, gu,' gu',0.58889741,general readout examples,nonsemantic_or_ambiguous,gu/Gu/gu,gu/gui fragment family with weak semantic identity.,low,navigation-only in audit
f19085,2,4421, Gu,' Gu',0.26404047,general readout examples,nonsemantic_or_ambiguous,gu/Gu/gu,gu/gui fragment family with weak semantic identity.,low,navigation-only in audit
f19085,3,8452,gu,'gu',0.26317695,general readout examples,nonsemantic_or_ambiguous,gu/Gu/gu,gu/gui fragment family with weak semantic identity.,low,navigation-only in audit
f19085,4,16288,Gu,'Gu',0.18254279,general readout examples,nonsemantic_or_ambiguous,gu/Gu/gu,gu/gui fragment family with weak semantic identity.,low,navigation-only in audit
f19085,5,43763, GU,' GU',0.16923410,general readout examples,nonsemantic_or_ambiguous,gu/Gu/gu,gu/gui fragment family with weak semantic identity.,low,navigation-only in audit
f19085,6,52857,GU,'GU',0.13114582,general readout examples,nonsemantic_or_ambiguous,gu/Gu/gu,gu/gui fragment family with weak semantic identity.,low,navigation-only in audit
f19085,7,46209, Guinea,' Guinea',0.11925498,general readout examples,nonsemantic_or_ambiguous,gu/Gu/gu,gu/gui fragment family with weak semantic identity.,low,navigation-only in audit
f19085,8,238618, gua,' gua',0.11397190,general readout examples,nonsemantic_or_ambiguous,gu/Gu/gu,gu/gui fragment family with weak semantic identity.,low,navigation-only in audit
f19085,9,18649, gui,' gui',0.10600267,general readout examples,nonsemantic_or_ambiguous,gu/Gu/gu,gu/gui fragment family with weak semantic identity.,low,navigation-only in audit
f19085,10,201574, guia,' guia',0.08887636,general readout examples,nonsemantic_or_ambiguous,gu/Gu/gu,gu/gui fragment family with weak semantic identity.,low,navigation-only in audit
f19085,11,192568, guía,' guía',0.08351818,general readout examples,nonsemantic_or_ambiguous,gu/Gu/gu,gu/gui fragment family with weak semantic identity.,low,navigation-only in audit
f19085,12,85389,(guid,'(guid',0.08235314,general readout examples,nonsemantic_or_ambiguous,gu/Gu/gu,gu/gui fragment family with weak semantic identity.,low,navigation-only in audit
f19085,13,175400, Гу,' Гу',0.08024549,general readout examples,nonsemantic_or_ambiguous,gu/Gu/gu,gu/gui fragment family with weak semantic identity.,low,navigation-only in audit
f19085,14,80193, guise,' guise',0.07910494,general readout examples,nonsemantic_or_ambiguous,gu/Gu/gu,gu/gui fragment family with weak semantic identity.,low,navigation-only in audit
f19085,15,206361, gue,' gue',0.07790761,general readout examples,nonsemantic_or_ambiguous,gu/Gu/gu,gu/gui fragment family with weak semantic identity.,low,navigation-only in audit
f19085,16,171275, гу,' гу',0.07744940,general readout examples,nonsemantic_or_ambiguous,gu/Gu/gu,gu/gui fragment family with weak semantic identity.,low,navigation-only in audit
f19085,17,71135, Guill,' Guill',0.07578077,general readout examples,nonsemantic_or_ambiguous,gu/Gu/gu,gu/gui fragment family with weak semantic identity.,low,navigation-only in audit
f19085,18,170971, guer,' guer',0.07560518,general readout examples,nonsemantic_or_ambiguous,gu/Gu/gu,gu/gui fragment family with weak semantic identity.,low,navigation-only in audit
f19085,19,87165, gul,' gul',0.07515427,general readout examples,nonsemantic_or_ambiguous,gu/Gu/gu,gu/gui fragment family with weak semantic identity.,low,navigation-only in audit
f19085,20,81360,gua,'gua',0.07252938,general readout examples,nonsemantic_or_ambiguous,gu/Gu/gu,gu/gui fragment family with weak semantic identity.,low,navigation-only in audit
f19687,1,3565, black,' black',0.45238391,general readout examples,semantic_coherent,black,Black color family with multilingual and case variants.,high,
f19687,2,11124,black,'black',0.41650751,general readout examples,semantic_coherent,black,Black color family with multilingual and case variants.,high,
f19687,3,101764,黑色,'黑色',0.32540098,general readout examples,semantic_coherent,black,Black color family with multilingual and case variants.,high,
f19687,4,37687, blacks,' blacks',0.31804016,general readout examples,semantic_coherent,black,Black color family with multilingual and case variants.,high,
f19687,5,35721,-black,'-black',0.31023964,general readout examples,semantic_coherent,black,Black color family with multilingual and case variants.,high,
f19687,6,14004,Black,'Black',0.28912568,general readout examples,semantic_coherent,black,Black color family with multilingual and case variants.,high,
f19687,7,113114,黑色的,'黑色的',0.28878054,general readout examples,semantic_coherent,black,Black color family with multilingual and case variants.,high,
f19687,8,246918,黒,'黒',0.28845996,general readout examples,semantic_coherent,black,Black color family with multilingual and case variants.,high,
f19687,9,38939,_black,'_black',0.28521642,general readout examples,semantic_coherent,black,Black color family with multilingual and case variants.,high,
f19687,10,35434, BLACK,' BLACK',0.27722299,general readout examples,semantic_coherent,black,Black color family with multilingual and case variants.,high,
f19687,11,96738,黑,'黑',0.27307299,general readout examples,semantic_coherent,black,Black color family with multilingual and case variants.,high,
f19687,12,79006, schwar,' schwar',0.26727396,general readout examples,semantic_coherent,black,Black color family with multilingual and case variants.,high,
f19687,13,147598,的黑色,'的黑色',0.26385972,general readout examples,semantic_coherent,black,Black color family with multilingual and case variants.,high,
f19687,14,95140,/black,'/black',0.26202011,general readout examples,semantic_coherent,black,Black color family with multilingual and case variants.,high,
f19687,15,20840,.black,'.black',0.26156786,general readout examples,semantic_coherent,black,Black color family with multilingual and case variants.,high,
f19687,16,5068, Black,' Black',0.26135588,general readout examples,semantic_coherent,black,Black color family with multilingual and case variants.,high,
f19687,17,181442, hitam,' hitam',0.25895250,general readout examples,semantic_coherent,black,Black color family with multilingual and case variants.,high,
f19687,18,187873, черный,' черный',0.24343771,general readout examples,semantic_coherent,black,Black color family with multilingual and case variants.,high,
f19687,19,227178, черного,' черного',0.24024343,general readout examples,semantic_coherent,black,Black color family with multilingual and case variants.,high,
f19687,20,209864, čern,' čern',0.23736584,general readout examples,semantic_coherent,black,Black color family with multilingual and case variants.,high,
f21804,1,21531, defect,' defect',0.58357781,main bug panels; fixed-token context panels,semantic_coherent,defect/defects/flaw; defect/defects,"Defect/flaw/bug family, consistent with software bug and defect senses.",high,
f21804,2,40181, defects,' defects',0.43448797,main bug panels; fixed-token context panels,semantic_coherent,defect/defects/flaw; defect/defects,"Defect/flaw/bug family, consistent with software bug and defect senses.",high,
f21804,3,109302,缺陷,'缺陷',0.28679880,main bug panels; fixed-token context panels,semantic_coherent,defect/defects/flaw; defect/defects,"Defect/flaw/bug family, consistent with software bug and defect senses.",high,
f21804,4,194534, дефек,' дефек',0.25381529,main bug panels; fixed-token context panels,semantic_coherent,defect/defects/flaw; defect/defects,"Defect/flaw/bug family, consistent with software bug and defect senses.",high,
f21804,5,24882, flaw,' flaw',0.20421879,main bug panels; fixed-token context panels,semantic_coherent,defect/defects/flaw; defect/defects,"Defect/flaw/bug family, consistent with software bug and defect senses.",high,
f21804,6,10648, defe,' defe',0.17019166,main bug panels; fixed-token context panels,semantic_coherent,defect/defects/flaw; defect/defects,"Defect/flaw/bug family, consistent with software bug and defect senses.",high,
f21804,7,61649, defective,' defective',0.15580298,main bug panels; fixed-token context panels,semantic_coherent,defect/defects/flaw; defect/defects,"Defect/flaw/bug family, consistent with software bug and defect senses.",high,
f21804,8,116442,瑕疵,'瑕疵',0.15132196,main bug panels; fixed-token context panels,semantic_coherent,defect/defects/flaw; defect/defects,"Defect/flaw/bug family, consistent with software bug and defect senses.",high,
f21804,9,39413, flaws,' flaws',0.14867890,main bug panels; fixed-token context panels,semantic_coherent,defect/defects/flaw; defect/defects,"Defect/flaw/bug family, consistent with software bug and defect senses.",high,
f21804,10,187260, défaut,' défaut',0.12577353,main bug panels; fixed-token context panels,semantic_coherent,defect/defects/flaw; defect/defects,"Defect/flaw/bug family, consistent with software bug and defect senses.",high,
f21804,11,9584, bug,' bug',0.12549612,main bug panels; fixed-token context panels,semantic_coherent,defect/defects/flaw; defect/defects,"Defect/flaw/bug family, consistent with software bug and defect senses.",high,
f21804,12,88941, lesion,' lesion',0.10187718,main bug panels; fixed-token context panels,semantic_coherent,defect/defects/flaw; defect/defects,"Defect/flaw/bug family, consistent with software bug and defect senses.",high,
f21804,13,2238,bug,'bug',0.10094757,main bug panels; fixed-token context panels,semantic_coherent,defect/defects/flaw; defect/defects,"Defect/flaw/bug family, consistent with software bug and defect senses.",high,
f21804,14,79771, 결,' 결',0.09542666,main bug panels; fixed-token context panels,semantic_coherent,defect/defects/flaw; defect/defects,"Defect/flaw/bug family, consistent with software bug and defect senses.",high,
f21804,15,21851, bugs,' bugs',0.09085030,main bug panels; fixed-token context panels,semantic_coherent,defect/defects/flaw; defect/defects,"Defect/flaw/bug family, consistent with software bug and defect senses.",high,
f21804,16,3761, Def,' Def',0.08621655,main bug panels; fixed-token context panels,semantic_coherent,defect/defects/flaw; defect/defects,"Defect/flaw/bug family, consistent with software bug and defect senses.",high,
f21804,17,83512, Bugs,' Bugs',0.08495989,main bug panels; fixed-token context panels,semantic_coherent,defect/defects/flaw; defect/defects,"Defect/flaw/bug family, consistent with software bug and defect senses.",high,
f21804,18,14109, fault,' fault',0.08456489,main bug panels; fixed-token context panels,semantic_coherent,defect/defects/flaw; defect/defects,"Defect/flaw/bug family, consistent with software bug and defect senses.",high,
f21804,19,45209,Bug,'Bug',0.08377433,main bug panels; fixed-token context panels,semantic_coherent,defect/defects/flaw; defect/defects,"Defect/flaw/bug family, consistent with software bug and defect senses.",high,
f21804,20,203637, недостатки,' недостатки',0.08318289,main bug panels; fixed-token context panels,semantic_coherent,defect/defects/flaw; defect/defects,"Defect/flaw/bug family, consistent with software bug and defect senses.",high,
f23681,1,44,M,'M',0.63021970,main bug panels; additional bark/bass margins; general readout examples,token_form_artifact,M/P/S/K; M/P/S,Single uppercase-letter feature.,high,token-form artifact
f23681,2,47,P,'P',0.60704064,main bug panels; additional bark/bass margins; general readout examples,token_form_artifact,M/P/S/K; M/P/S,Single uppercase-letter feature.,high,token-form artifact
f23681,3,50,S,'S',0.60637021,main bug panels; additional bark/bass margins; general readout examples,token_form_artifact,M/P/S/K; M/P/S,Single uppercase-letter feature.,high,token-form artifact
f23681,4,42,K,'K',0.60351217,main bug panels; additional bark/bass margins; general readout examples,token_form_artifact,M/P/S/K; M/P/S,Single uppercase-letter feature.,high,token-form artifact
f23681,5,38,G,'G',0.60033625,main bug panels; additional bark/bass margins; general readout examples,token_form_artifact,M/P/S/K; M/P/S,Single uppercase-letter feature.,high,token-form artifact
f23681,6,32,A,'A',0.59246898,main bug panels; additional bark/bass margins; general readout examples,token_form_artifact,M/P/S/K; M/P/S,Single uppercase-letter feature.,high,token-form artifact
f23681,7,35,D,'D',0.58954901,main bug panels; additional bark/bass margins; general readout examples,token_form_artifact,M/P/S/K; M/P/S,Single uppercase-letter feature.,high,token-form artifact
f23681,8,33,B,'B',0.58776748,main bug panels; additional bark/bass margins; general readout examples,token_form_artifact,M/P/S/K; M/P/S,Single uppercase-letter feature.,high,token-form artifact
f23681,9,45,N,'N',0.58130288,main bug panels; additional bark/bass margins; general readout examples,token_form_artifact,M/P/S/K; M/P/S,Single uppercase-letter feature.,high,token-form artifact
f23681,10,41,J,'J',0.57485068,main bug panels; additional bark/bass margins; general readout examples,token_form_artifact,M/P/S/K; M/P/S,Single uppercase-letter feature.,high,token-form artifact
f23681,11,40,I,'I',0.57314306,main bug panels; additional bark/bass margins; general readout examples,token_form_artifact,M/P/S/K; M/P/S,Single uppercase-letter feature.,high,token-form artifact
f23681,12,56,Y,'Y',0.57153797,main bug panels; additional bark/bass margins; general readout examples,token_form_artifact,M/P/S/K; M/P/S,Single uppercase-letter feature.,high,token-form artifact
f23681,13,39,H,'H',0.56919277,main bug panels; additional bark/bass margins; general readout examples,token_form_artifact,M/P/S/K; M/P/S,Single uppercase-letter feature.,high,token-form artifact
f23681,14,46,O,'O',0.56906176,main bug panels; additional bark/bass margins; general readout examples,token_form_artifact,M/P/S/K; M/P/S,Single uppercase-letter feature.,high,token-form artifact
f23681,15,34,C,'C',0.56901455,main bug panels; additional bark/bass margins; general readout examples,token_form_artifact,M/P/S/K; M/P/S,Single uppercase-letter feature.,high,token-form artifact
f23681,16,37,F,'F',0.56286007,main bug panels; additional bark/bass margins; general readout examples,token_form_artifact,M/P/S/K; M/P/S,Single uppercase-letter feature.,high,token-form artifact
f23681,17,51,T,'T',0.55117822,main bug panels; additional bark/bass margins; general readout examples,token_form_artifact,M/P/S/K; M/P/S,Single uppercase-letter feature.,high,token-form artifact
f23681,18,55,X,'X',0.54528803,main bug panels; additional bark/bass margins; general readout examples,token_form_artifact,M/P/S/K; M/P/S,Single uppercase-letter feature.,high,token-form artifact
f23681,19,623,In,'In',0.54526210,main bug panels; additional bark/bass margins; general readout examples,token_form_artifact,M/P/S/K; M/P/S,Single uppercase-letter feature.,high,token-form artifact
f23681,20,43,L,'L',0.54442286,main bug panels; additional bark/bass margins; general readout examples,token_form_artifact,M/P/S/K; M/P/S,Single uppercase-letter feature.,high,token-form artifact
f24245,1,214507, memori,' memori',0.59316766,technical context stress,semantic_coherent,memori/memoria,Memory/memoria multilingual fragment family with some noisy tail tokens.,medium,
f24245,2,68906, memoria,' memoria',0.08473220,technical context stress,semantic_coherent,memori/memoria,Memory/memoria multilingual fragment family with some noisy tail tokens.,medium,
f24245,3,189756, память,' память',0.08166687,technical context stress,semantic_coherent,memori/memoria,Memory/memoria multilingual fragment family with some noisy tail tokens.,medium,
f24245,4,179854, памяти,' памяти',0.08083703,technical context stress,semantic_coherent,memori/memoria,Memory/memoria multilingual fragment family with some noisy tail tokens.,medium,
f24245,5,238905, emisi,' emisi',0.07870834,technical context stress,semantic_coherent,memori/memoria,Memory/memoria multilingual fragment family with some noisy tail tokens.,medium,
f24245,6,195514, memória,' memória',0.07806854,technical context stress,semantic_coherent,memori/memoria,Memory/memoria multilingual fragment family with some noisy tail tokens.,medium,
f24245,7,204088, momen,' momen',0.07572503,technical context stress,semantic_coherent,memori/memoria,Memory/memoria multilingual fragment family with some noisy tail tokens.,medium,
f24245,8,13453, Memory,' Memory',0.07358365,technical context stress,semantic_coherent,memori/memoria,Memory/memoria multilingual fragment family with some noisy tail tokens.,medium,
f24245,9,67335, hari,' hari',0.07218343,technical context stress,semantic_coherent,memori/memoria,Memory/memoria multilingual fragment family with some noisy tail tokens.,medium,
f24245,10,184743, mémoire,' mémoire',0.07172483,technical context stress,semantic_coherent,memori/memoria,Memory/memoria multilingual fragment family with some noisy tail tokens.,medium,
f24245,11,18615,_memory,'_memory',0.06795120,technical context stress,semantic_coherent,memori/memoria,Memory/memoria multilingual fragment family with some noisy tail tokens.,medium,
f24245,12,221767,ذاكرة,'ذاكرة',0.06790249,technical context stress,semantic_coherent,memori/memoria,Memory/memoria multilingual fragment family with some noisy tail tokens.,medium,
f24245,13,225871, Memoria,' Memoria',0.06747232,technical context stress,semantic_coherent,memori/memoria,Memory/memoria multilingual fragment family with some noisy tail tokens.,medium,
f24245,14,84322,urrets,'urrets',0.06717467,technical context stress,semantic_coherent,memori/memoria,Memory/memoria multilingual fragment family with some noisy tail tokens.,medium,
f24245,15,205672,ช้าง,'ช้าง',0.06691264,technical context stress,semantic_coherent,memori/memoria,Memory/memoria multilingual fragment family with some noisy tail tokens.,medium,
f24245,16,216939, memin,' memin',0.06654838,technical context stress,semantic_coherent,memori/memoria,Memory/memoria multilingual fragment family with some noisy tail tokens.,medium,
f24245,17,202543, 메모,' 메모',0.06566548,technical context stress,semantic_coherent,memori/memoria,Memory/memoria multilingual fragment family with some noisy tail tokens.,medium,
f24245,18,10327,Memory,'Memory',0.06563652,technical context stress,semantic_coherent,memori/memoria,Memory/memoria multilingual fragment family with some noisy tail tokens.,medium,
f24245,19,168802,สีมา,'สีมา',0.06393014,technical context stress,semantic_coherent,memori/memoria,Memory/memoria multilingual fragment family with some noisy tail tokens.,medium,
f24245,20,175322,рое,'рое',0.06392120,technical context stress,semantic_coherent,memori/memoria,Memory/memoria multilingual fragment family with some noisy tail tokens.,medium,
f24940,1,195514, memória,' memória',0.53505403,technical context stress,semantic_coherent,memoria/memoire/memoria,"Memory/memoire/memoria family, mixing human-memory and computer-memory variants.",high,
f24940,2,184743, mémoire,' mémoire',0.18698023,technical context stress,semantic_coherent,memoria/memoire/memoria,"Memory/memoire/memoria family, mixing human-memory and computer-memory variants.",high,
f24940,3,68906, memoria,' memoria',0.18638642,technical context stress,semantic_coherent,memoria/memoire/memoria,"Memory/memoire/memoria family, mixing human-memory and computer-memory variants.",high,
f24940,4,4779, memory,' memory',0.13283110,technical context stress,semantic_coherent,memoria/memoire/memoria,"Memory/memoire/memoria family, mixing human-memory and computer-memory variants.",high,
f24940,5,179854, памяти,' памяти',0.12993768,technical context stress,semantic_coherent,memoria/memoire/memoria,"Memory/memoire/memoria family, mixing human-memory and computer-memory variants.",high,
f24940,6,189756, память,' память',0.12811801,technical context stress,semantic_coherent,memoria/memoire/memoria,"Memory/memoire/memoria family, mixing human-memory and computer-memory variants.",high,
f24940,7,13453, Memory,' Memory',0.12689136,technical context stress,semantic_coherent,memoria/memoire/memoria,"Memory/memoire/memoria family, mixing human-memory and computer-memory variants.",high,
f24940,8,78170, MEMORY,' MEMORY',0.11523031,technical context stress,semantic_coherent,memoria/memoire/memoria,"Memory/memoire/memoria family, mixing human-memory and computer-memory variants.",high,
f24940,9,10327,Memory,'Memory',0.11105220,technical context stress,semantic_coherent,memoria/memoire/memoria,"Memory/memoire/memoria family, mixing human-memory and computer-memory variants.",high,
f24940,10,214507, memori,' memori',0.10876155,technical context stress,semantic_coherent,memoria/memoire/memoria,"Memory/memoire/memoria family, mixing human-memory and computer-memory variants.",high,
f24940,11,241456,メモリ,'メモリ',0.10612862,technical context stress,semantic_coherent,memoria/memoire/memoria,"Memory/memoire/memoria family, mixing human-memory and computer-memory variants.",high,
f24940,12,16759,memory,'memory',0.10073251,technical context stress,semantic_coherent,memoria/memoire/memoria,"Memory/memoire/memoria family, mixing human-memory and computer-memory variants.",high,
f24940,13,1770, mem,' mem',0.09905159,technical context stress,semantic_coherent,memoria/memoire/memoria,"Memory/memoire/memoria family, mixing human-memory and computer-memory variants.",high,
f24940,14,61932,-memory,'-memory',0.09132716,technical context stress,semantic_coherent,memoria/memoire/memoria,"Memory/memoire/memoria family, mixing human-memory and computer-memory variants.",high,
f24940,15,108777,内存,'内存',0.08973220,technical context stress,semantic_coherent,memoria/memoire/memoria,"Memory/memoire/memoria family, mixing human-memory and computer-memory variants.",high,
f24940,16,165131, pamię,' pamię',0.08967446,technical context stress,semantic_coherent,memoria/memoire/memoria,"Memory/memoire/memoria family, mixing human-memory and computer-memory variants.",high,
f24940,17,163160,äume,'äume',0.08960391,technical context stress,semantic_coherent,memoria/memoire/memoria,"Memory/memoire/memoria family, mixing human-memory and computer-memory variants.",high,
f24940,18,68376,DDR,'DDR',0.08800869,technical context stress,semantic_coherent,memoria/memoire/memoria,"Memory/memoire/memoria family, mixing human-memory and computer-memory variants.",high,
f24940,19,202543, 메모,' 메모',0.08711845,technical context stress,semantic_coherent,memoria/memoire/memoria,"Memory/memoire/memoria family, mixing human-memory and computer-memory variants.",high,
f24940,20,221767,ذاكرة,'ذاكرة',0.08644075,technical context stress,semantic_coherent,memoria/memoire/memoria,"Memory/memoire/memoria family, mixing human-memory and computer-memory variants.",high,
f25707,1,12526, tank,' tank',0.61085653,technical context stress,semantic_coherent,tank/tanks,"Tank/container lexical family, including tanks, storage tanks, water tanks, and vehicle tank tokens.",medium,
f25707,2,25042, tanks,' tanks',0.45985928,technical context stress,semantic_coherent,tank/tanks,"Tank/container lexical family, including tanks, storage tanks, water tanks, and vehicle tank tokens.",medium,
f25707,3,30362, Tank,' Tank',0.44007915,technical context stress,semantic_coherent,tank/tanks,"Tank/container lexical family, including tanks, storage tanks, water tanks, and vehicle tank tokens.",medium,
f25707,4,82233,tank,'tank',0.43252543,technical context stress,semantic_coherent,tank/tanks,"Tank/container lexical family, including tanks, storage tanks, water tanks, and vehicle tank tokens.",medium,
f25707,5,91747,-tank,'-tank',0.37417269,technical context stress,semantic_coherent,tank/tanks,"Tank/container lexical family, including tanks, storage tanks, water tanks, and vehicle tank tokens.",medium,
f25707,6,63803,Tank,'Tank',0.33736038,technical context stress,semantic_coherent,tank/tanks,"Tank/container lexical family, including tanks, storage tanks, water tanks, and vehicle tank tokens.",medium,
f25707,7,79924, Tanks,' Tanks',0.27461380,technical context stress,semantic_coherent,tank/tanks,"Tank/container lexical family, including tanks, storage tanks, water tanks, and vehicle tank tokens.",medium,
f25707,8,89202, tanker,' tanker',0.19152558,technical context stress,semantic_coherent,tank/tanks,"Tank/container lexical family, including tanks, storage tanks, water tanks, and vehicle tank tokens.",medium,
f25707,9,112272,坦克,'坦克',0.17193346,technical context stress,semantic_coherent,tank/tanks,"Tank/container lexical family, including tanks, storage tanks, water tanks, and vehicle tank tokens.",medium,
f25707,10,135243,储罐,'储罐',0.13526858,technical context stress,semantic_coherent,tank/tanks,"Tank/container lexical family, including tanks, storage tanks, water tanks, and vehicle tank tokens.",medium,
f25707,11,115553,水箱,'水箱',0.13248424,technical context stress,semantic_coherent,tank/tanks,"Tank/container lexical family, including tanks, storage tanks, water tanks, and vehicle tank tokens.",medium,
f25707,12,71833,<space>,' �',0.12735477,technical context stress,semantic_coherent,tank/tanks,"Tank/container lexical family, including tanks, storage tanks, water tanks, and vehicle tank tokens.",medium,
f25707,13,159940,タン,'タン',0.11748399,technical context stress,semantic_coherent,tank/tanks,"Tank/container lexical family, including tanks, storage tanks, water tanks, and vehicle tank tokens.",medium,
f25707,14,181683, тан,' тан',0.11514920,technical context stress,semantic_coherent,tank/tanks,"Tank/container lexical family, including tanks, storage tanks, water tanks, and vehicle tank tokens.",medium,
f25707,15,127106,油箱,'油箱',0.10783555,technical context stress,semantic_coherent,tank/tanks,"Tank/container lexical family, including tanks, storage tanks, water tanks, and vehicle tank tokens.",medium,
f25707,16,209857,ถัง,'ถัง',0.09719805,technical context stress,semantic_coherent,tank/tanks,"Tank/container lexical family, including tanks, storage tanks, water tanks, and vehicle tank tokens.",medium,
f25707,17,169688,탱,'탱',0.09198965,technical context stress,semantic_coherent,tank/tanks,"Tank/container lexical family, including tanks, storage tanks, water tanks, and vehicle tank tokens.",medium,
f25707,18,101145,罐,'罐',0.08687023,technical context stress,semantic_coherent,tank/tanks,"Tank/container lexical family, including tanks, storage tanks, water tanks, and vehicle tank tokens.",medium,
f25707,19,36383, reactor,' reactor',0.08648407,technical context stress,semantic_coherent,tank/tanks,"Tank/container lexical family, including tanks, storage tanks, water tanks, and vehicle tank tokens.",medium,
f25707,20,13791, tan,' tan',0.08469584,technical context stress,semantic_coherent,tank/tanks,"Tank/container lexical family, including tanks, storage tanks, water tanks, and vehicle tank tokens.",medium,
f25948,1,9845, verify,' verify',0.41307127,verify/assume DLA,semantic_coherent,verify,Verify/verification/confirm lexical family.,high,
f25948,2,84828, verifies,' verifies',0.31627738,verify/assume DLA,semantic_coherent,verify,Verify/verification/confirm lexical family.,high,
f25948,3,66532, verifying,' verifying',0.29642075,verify/assume DLA,semantic_coherent,verify,Verify/verification/confirm lexical family.,high,
f25948,4,24624, Verify,' Verify',0.29093656,verify/assume DLA,semantic_coherent,verify,Verify/verification/confirm lexical family.,high,
f25948,5,12089,verify,'verify',0.28637713,verify/assume DLA,semantic_coherent,verify,Verify/verification/confirm lexical family.,high,
f25948,6,22188, verification,' verification',0.27482969,verify/assume DLA,semantic_coherent,verify,Verify/verification/confirm lexical family.,high,
f25948,7,31547,Verify,'Verify',0.27037084,verify/assume DLA,semantic_coherent,verify,Verify/verification/confirm lexical family.,high,
f25948,8,103838,验证,'验证',0.26850787,verify/assume DLA,semantic_coherent,verify,Verify/verification/confirm lexical family.,high,
f25948,9,90365,\tverify,'\tverify',0.24838123,verify/assume DLA,semantic_coherent,verify,Verify/verification/confirm lexical family.,high,
f25948,10,23185, verified,' verified',0.23770976,verify/assume DLA,semantic_coherent,verify,Verify/verification/confirm lexical family.,high,
f25948,11,26628,.verify,'.verify',0.23443511,verify/assume DLA,semantic_coherent,verify,Verify/verification/confirm lexical family.,high,
f25948,12,60239,Verification,'Verification',0.22808185,verify/assume DLA,semantic_coherent,verify,Verify/verification/confirm lexical family.,high,
f25948,13,7440, confirm,' confirm',0.22656047,verify/assume DLA,semantic_coherent,verify,Verify/verification/confirm lexical family.,high,
f25948,14,53611, Verification,' Verification',0.22572213,verify/assume DLA,semantic_coherent,verify,Verify/verification/confirm lexical family.,high,
f25948,15,34459,_verify,'_verify',0.20751902,verify/assume DLA,semantic_coherent,verify,Verify/verification/confirm lexical family.,high,
f25948,16,40988, confirms,' confirms',0.20244244,verify/assume DLA,semantic_coherent,verify,Verify/verification/confirm lexical family.,high,
f25948,17,48929,verification,'verification',0.19564477,verify/assume DLA,semantic_coherent,verify,Verify/verification/confirm lexical family.,high,
f25948,18,213824, verifikasi,' verifikasi',0.19272953,verify/assume DLA,semantic_coherent,verify,Verify/verification/confirm lexical family.,high,
f25948,19,81336,_verification,'_verification',0.18931240,verify/assume DLA,semantic_coherent,verify,Verify/verification/confirm lexical family.,high,
f25948,20,32451, Confirm,' Confirm',0.18584475,verify/assume DLA,semantic_coherent,verify,Verify/verification/confirm lexical family.,high,
f25997,1,6043, effects,' effects',0.26653659,general readout examples,nonsemantic_or_ambiguous,effects/Effects,Effects/effects surface family mixed with punctuation and hyphen fragments.,low,navigation-only in audit
f25997,2,11,",","','",0.21199031,general readout examples,nonsemantic_or_ambiguous,effects/Effects,Effects/effects surface family mixed with punctuation and hyphen fragments.,low,navigation-only in audit
f25997,3,28193, Effects,' Effects',0.20170636,general readout examples,nonsemantic_or_ambiguous,effects/Effects,Effects/effects surface family mixed with punctuation and hyphen fragments.,low,navigation-only in audit
f25997,4,13,.,'.',0.18018204,general readout examples,nonsemantic_or_ambiguous,effects/Effects,Effects/effects surface family mixed with punctuation and hyphen fragments.,low,navigation-only in audit
f25997,5,38461,Effects,'Effects',0.16009702,general readout examples,nonsemantic_or_ambiguous,effects/Effects,Effects/effects surface family mixed with punctuation and hyphen fragments.,low,navigation-only in audit
f25997,6,72243,-effects,'-effects',0.15608343,general readout examples,nonsemantic_or_ambiguous,effects/Effects,Effects/effects surface family mixed with punctuation and hyphen fragments.,low,navigation-only in audit
f25997,7,25,:,':',0.13690116,general readout examples,nonsemantic_or_ambiguous,effects/Effects,Effects/effects surface family mixed with punctuation and hyphen fragments.,low,navigation-only in audit
f25997,8,321, and,' and',0.13330835,general readout examples,nonsemantic_or_ambiguous,effects/Effects,Effects/effects surface family mixed with punctuation and hyphen fragments.,low,navigation-only in audit
f25997,9,12,-,'-',0.12979966,general readout examples,nonsemantic_or_ambiguous,effects/Effects,Effects/effects surface family mixed with punctuation and hyphen fragments.,low,navigation-only in audit
f25997,10,1402,-b,'-b',0.12957315,general readout examples,nonsemantic_or_ambiguous,effects/Effects,Effects/effects surface family mixed with punctuation and hyphen fragments.,low,navigation-only in audit
f25997,11,26,;,';',0.12788516,general readout examples,nonsemantic_or_ambiguous,effects/Effects,Effects/effects surface family mixed with punctuation and hyphen fragments.,low,navigation-only in audit
f25997,12,2294,-g,'-g',0.12765458,general readout examples,nonsemantic_or_ambiguous,effects/Effects,Effects/effects surface family mixed with punctuation and hyphen fragments.,low,navigation-only in audit
f25997,13,9009,-T,'-T',0.12570874,general readout examples,nonsemantic_or_ambiguous,effects/Effects,Effects/effects surface family mixed with punctuation and hyphen fragments.,low,navigation-only in audit
f25997,14,3359,/b,'/b',0.12557599,general readout examples,nonsemantic_or_ambiguous,effects/Effects,Effects/effects surface family mixed with punctuation and hyphen fragments.,low,navigation-only in audit
f25997,15,5350,/t,'/t',0.12542742,general readout examples,nonsemantic_or_ambiguous,effects/Effects,Effects/effects surface family mixed with punctuation and hyphen fragments.,low,navigation-only in audit
f25997,16,2600,/s,'/s',0.12496835,general readout examples,nonsemantic_or_ambiguous,effects/Effects,Effects/effects surface family mixed with punctuation and hyphen fragments.,low,navigation-only in audit
f25997,17,77651,effects,'effects',0.12444621,general readout examples,nonsemantic_or_ambiguous,effects/Effects,Effects/effects surface family mixed with punctuation and hyphen fragments.,low,navigation-only in audit
f25997,18,5668,.a,'.a',0.12128292,general readout examples,nonsemantic_or_ambiguous,effects/Effects,Effects/effects surface family mixed with punctuation and hyphen fragments.,low,navigation-only in audit
f25997,19,2308,-t,'-t',0.12070777,general readout examples,nonsemantic_or_ambiguous,effects/Effects,Effects/effects surface family mixed with punctuation and hyphen fragments.,low,navigation-only in audit
f25997,20,198,\n,'\n',0.12043120,general readout examples,nonsemantic_or_ambiguous,effects/Effects,Effects/effects surface family mixed with punctuation and hyphen fragments.,low,navigation-only in audit
f27429,1,7993, cat,' cat',0.54506034,additional bark/bass margins,semantic_coherent,cat,Cat/cats/feline lexical family across languages.,high,
f27429,2,16847, Cat,' Cat',0.44655776,additional bark/bass margins,semantic_coherent,cat,Cat/cats/feline lexical family across languages.,high,
f27429,3,25944,Cat,'Cat',0.40777418,additional bark/bass margins,semantic_coherent,cat,Cat/cats/feline lexical family across languages.,high,
f27429,4,4466,cat,'cat',0.39718518,additional bark/bass margins,semantic_coherent,cat,Cat/cats/feline lexical family across languages.,high,
f27429,5,18833, cats,' cats',0.38950589,additional bark/bass margins,semantic_coherent,cat,Cat/cats/feline lexical family across languages.,high,
f27429,6,20191,_cat,'_cat',0.35414067,additional bark/bass margins,semantic_coherent,cat,Cat/cats/feline lexical family across languages.,high,
f27429,7,51800,(cat,'(cat',0.34041521,additional bark/bass margins,semantic_coherent,cat,Cat/cats/feline lexical family across languages.,high,
f27429,8,89610,/cat,'/cat',0.33636808,additional bark/bass margins,semantic_coherent,cat,Cat/cats/feline lexical family across languages.,high,
f27429,9,89594,\tcat,'\tcat',0.33251700,additional bark/bass margins,semantic_coherent,cat,Cat/cats/feline lexical family across languages.,high,
f27429,10,80999,-cat,'-cat',0.33129093,additional bark/bass margins,semantic_coherent,cat,Cat/cats/feline lexical family across languages.,high,
f27429,11,98500,猫,'猫',0.29789880,additional bark/bass margins,semantic_coherent,cat,Cat/cats/feline lexical family across languages.,high,
f27429,12,49041, Cats,' Cats',0.28731737,additional bark/bass margins,semantic_coherent,cat,Cat/cats/feline lexical family across languages.,high,
f27429,13,31552,.cat,'.cat',0.27052459,additional bark/bass margins,semantic_coherent,cat,Cat/cats/feline lexical family across languages.,high,
f27429,14,112912,猫咪,'猫咪',0.26865506,additional bark/bass margins,semantic_coherent,cat,Cat/cats/feline lexical family across languages.,high,
f27429,15,42525, CAT,' CAT',0.26756397,additional bark/bass margins,semantic_coherent,cat,Cat/cats/feline lexical family across languages.,high,
f27429,16,103072,貓,'貓',0.26312625,additional bark/bass margins,semantic_coherent,cat,Cat/cats/feline lexical family across languages.,high,
f27429,17,148033,猫的,'猫的',0.25642881,additional bark/bass margins,semantic_coherent,cat,Cat/cats/feline lexical family across languages.,high,
f27429,18,36212,cats,'cats',0.24018717,additional bark/bass margins,semantic_coherent,cat,Cat/cats/feline lexical family across languages.,high,
f27429,19,27280,CAT,'CAT',0.23679882,additional bark/bass margins,semantic_coherent,cat,Cat/cats/feline lexical family across languages.,high,
f27429,20,62390,_CAT,'_CAT',0.23617977,additional bark/bass margins,semantic_coherent,cat,Cat/cats/feline lexical family across languages.,high,
f27888,1,30800, assumptions,' assumptions',0.52472824,verify/assume DLA,semantic_coherent,assumptions,Assumption/assume/assumed lexical family.,high,
f27888,2,23571, assumption,' assumption',0.35985872,verify/assume DLA,semantic_coherent,assumptions,Assumption/assume/assumed lexical family.,high,
f27888,3,18533, assumed,' assumed',0.21896106,verify/assume DLA,semantic_coherent,assumptions,Assumption/assume/assumed lexical family.,high,
f27888,4,20826, assumes,' assumes',0.20922241,verify/assume DLA,semantic_coherent,assumptions,Assumption/assume/assumed lexical family.,high,
f27888,5,9370, assume,' assume',0.20311829,verify/assume DLA,semantic_coherent,assumptions,Assumption/assume/assumed lexical family.,high,
f27888,6,94724, Assumes,' Assumes',0.18843994,verify/assume DLA,semantic_coherent,assumptions,Assumption/assume/assumed lexical family.,high,
f27888,7,2601, Ass,' Ass',0.18441793,verify/assume DLA,semantic_coherent,assumptions,Assumption/assume/assumed lexical family.,high,
f27888,8,60101, Assume,' Assume',0.18118013,verify/assume DLA,semantic_coherent,assumptions,Assumption/assume/assumed lexical family.,high,
f27888,9,7490, assum,' assum',0.16537897,verify/assume DLA,semantic_coherent,assumptions,Assumption/assume/assumed lexical family.,high,
f27888,10,24725, assuming,' assuming',0.16122930,verify/assume DLA,semantic_coherent,assumptions,Assumption/assume/assumed lexical family.,high,
f27888,11,43546,assume,'assume',0.15504266,verify/assume DLA,semantic_coherent,assumptions,Assumption/assume/assumed lexical family.,high,
f27888,12,110240,假设,'假设',0.13336585,verify/assume DLA,semantic_coherent,assumptions,Assumption/assume/assumed lexical family.,high,
f27888,13,63157,assuming,'assuming',0.12955666,verify/assume DLA,semantic_coherent,assumptions,Assumption/assume/assumed lexical family.,high,
f27888,14,61806, Assuming,' Assuming',0.11731465,verify/assume DLA,semantic_coherent,assumptions,Assumption/assume/assumed lexical family.,high,
f27888,15,70915, hypotheses,' hypotheses',0.11643326,verify/assume DLA,semantic_coherent,assumptions,Assumption/assume/assumed lexical family.,high,
f27888,16,5439,Ass,'Ass',0.11243896,verify/assume DLA,semantic_coherent,assumptions,Assumption/assume/assumed lexical family.,high,
f27888,17,152020,sumsi,'sumsi',0.11149107,verify/assume DLA,semantic_coherent,assumptions,Assumption/assume/assumed lexical family.,high,
f27888,18,129619,假定,'假定',0.11089505,verify/assume DLA,semantic_coherent,assumptions,Assumption/assume/assumed lexical family.,high,
f27888,19,182331, 가정,' 가정',0.10999629,verify/assume DLA,semantic_coherent,assumptions,Assumption/assume/assumed lexical family.,high,
f27888,20,39715, assms,' assms',0.10968833,verify/assume DLA,semantic_coherent,assumptions,Assumption/assume/assumed lexical family.,high,
f29839,1,71660, culprit,' culprit',0.66560811,general readout examples,semantic_coherent,culprit/offense,Culprit/perpetrator/offender culpability family.,high,
f29839,2,137473,罪魁祸首,'罪魁祸首',0.17470983,general readout examples,semantic_coherent,culprit/offense,Culprit/perpetrator/offender culpability family.,high,
f29839,3,67211, offending,' offending',0.13686511,general readout examples,semantic_coherent,culprit/offense,Culprit/perpetrator/offender culpability family.,high,
f29839,4,30655, Cul,' Cul',0.13649738,general readout examples,semantic_coherent,culprit/offense,Culprit/perpetrator/offender culpability family.,high,
f29839,5,81621, perpetrator,' perpetrator',0.12525389,general readout examples,semantic_coherent,culprit/offense,Culprit/perpetrator/offender culpability family.,high,
f29839,6,93581, culp,' culp',0.11933909,general readout examples,semantic_coherent,culprit/offense,Culprit/perpetrator/offender culpability family.,high,
f29839,7,45093, offender,' offender',0.11414383,general readout examples,semantic_coherent,culprit/offense,Culprit/perpetrator/offender culpability family.,high,
f29839,8,207330, винов,' винов',0.10555226,general readout examples,semantic_coherent,culprit/offense,Culprit/perpetrator/offender culpability family.,high,
f29839,9,107451,罪魁,'罪魁',0.09781601,general readout examples,semantic_coherent,culprit/offense,Culprit/perpetrator/offender culpability family.,high,
f29839,10,226849,culp,'culp',0.09203625,general readout examples,semantic_coherent,culprit/offense,Culprit/perpetrator/offender culpability family.,high,
f29839,11,11358, cul,' cul',0.08610871,general readout examples,semantic_coherent,culprit/offense,Culprit/perpetrator/offender culpability family.,high,
f29839,12,80412, culpa,' culpa',0.08597804,general readout examples,semantic_coherent,culprit/offense,Culprit/perpetrator/offender culpability family.,high,
f29839,13,63140, perpetrators,' perpetrators',0.08487160,general readout examples,semantic_coherent,culprit/offense,Culprit/perpetrator/offender culpability family.,high,
f29839,14,124012,凶手,'凶手',0.08380456,general readout examples,semantic_coherent,culprit/offense,Culprit/perpetrator/offender culpability family.,high,
f29839,15,39263, offenders,' offenders',0.08228159,general readout examples,semantic_coherent,culprit/offense,Culprit/perpetrator/offender culpability family.,high,
f29839,16,238082, Täter,' Täter',0.07419772,general readout examples,semantic_coherent,culprit/offense,Culprit/perpetrator/offender culpability family.,high,
f29839,17,222807, colpa,' colpa',0.07404625,general readout examples,semantic_coherent,culprit/offense,Culprit/perpetrator/offender culpability family.,high,
f29839,18,212159,せい,'せい',0.07191491,general readout examples,semantic_coherent,culprit/offense,Culprit/perpetrator/offender culpability family.,high,
f29839,19,194544,cipe,'cipe',0.06908856,general readout examples,semantic_coherent,culprit/offense,Culprit/perpetrator/offender culpability family.,high,
f29839,20,87386, gist,' gist',0.06559794,general readout examples,semantic_coherent,culprit/offense,Culprit/perpetrator/offender culpability family.,high,
f30192,1,7339, wood,' wood',0.53703249,additional bark/bass margins,semantic_coherent,wood/Wood/woods,Wood/timber/material family across languages.,high,
f30192,2,11786, Wood,' Wood',0.28431889,additional bark/bass margins,semantic_coherent,wood/Wood/woods,Wood/timber/material family across languages.,high,
f30192,3,6451,wood,'wood',0.24333246,additional bark/bass margins,semantic_coherent,wood/Wood/woods,Wood/timber/material family across languages.,high,
f30192,4,46779,Wood,'Wood',0.23804413,additional bark/bass margins,semantic_coherent,wood/Wood/woods,Wood/timber/material family across languages.,high,
f30192,5,63002, bois,' bois',0.18146133,additional bark/bass margins,semantic_coherent,wood/Wood/woods,Wood/timber/material family across languages.,high,
f30192,6,181862, madera,' madera',0.17816287,additional bark/bass margins,semantic_coherent,wood/Wood/woods,Wood/timber/material family across languages.,high,
f30192,7,111331,木材,'木材',0.16869856,additional bark/bass margins,semantic_coherent,wood/Wood/woods,Wood/timber/material family across languages.,high,
f30192,8,31460, woods,' woods',0.16610588,additional bark/bass margins,semantic_coherent,wood/Wood/woods,Wood/timber/material family across languages.,high,
f30192,9,230556, древесины,' древесины',0.16079755,additional bark/bass margins,semantic_coherent,wood/Wood/woods,Wood/timber/material family across languages.,high,
f30192,10,194709, madeira,' madeira',0.15947583,additional bark/bass margins,semantic_coherent,wood/Wood/woods,Wood/timber/material family across languages.,high,
f30192,11,175161, Holz,' Holz',0.15892799,additional bark/bass margins,semantic_coherent,wood/Wood/woods,Wood/timber/material family across languages.,high,
f30192,12,181289, legno,' legno',0.14984721,additional bark/bass margins,semantic_coherent,wood/Wood/woods,Wood/timber/material family across languages.,high,
f30192,13,230555, древес,' древес',0.14436135,additional bark/bass margins,semantic_coherent,wood/Wood/woods,Wood/timber/material family across languages.,high,
f30192,14,43299, timber,' timber',0.14071874,additional bark/bass margins,semantic_coherent,wood/Wood/woods,Wood/timber/material family across languages.,high,
f30192,15,83096,WOOD,'WOOD',0.14005816,additional bark/bass margins,semantic_coherent,wood/Wood/woods,Wood/timber/material family across languages.,high,
f30192,16,78236,woods,'woods',0.13067038,additional bark/bass margins,semantic_coherent,wood/Wood/woods,Wood/timber/material family across languages.,high,
f30192,17,96742,木,'木',0.12992857,additional bark/bass margins,semantic_coherent,wood/Wood/woods,Wood/timber/material family across languages.,high,
f30192,18,120517,木头,'木头',0.12812212,additional bark/bass margins,semantic_coherent,wood/Wood/woods,Wood/timber/material family across languages.,high,
f30192,19,21664, wooden,' wooden',0.11966081,additional bark/bass margins,semantic_coherent,wood/Wood/woods,Wood/timber/material family across languages.,high,
f30192,20,179798, kayu,' kayu',0.11719015,additional bark/bass margins,semantic_coherent,wood/Wood/woods,Wood/timber/material family across languages.,high,
f30917,1,101920,回忆,'回忆',0.60132617,technical context stress,semantic_coherent,recall/recalling,Recall/reminiscence memory family.,high,
f30917,2,122959,回憶,'回憶',0.43051347,technical context stress,semantic_coherent,recall/recalling,Recall/reminiscence memory family.,high,
f30917,3,115918,回想,'回想',0.38697249,technical context stress,semantic_coherent,recall/recalling,Recall/reminiscence memory family.,high,
f30917,4,18516, recall,' recall',0.29484856,technical context stress,semantic_coherent,recall/recalling,Recall/reminiscence memory family.,high,
f30917,5,85595, recalling,' recalling',0.27482390,technical context stress,semantic_coherent,recall/recalling,Recall/reminiscence memory family.,high,
f30917,6,138012,回忆起,'回忆起',0.27084655,technical context stress,semantic_coherent,recall/recalling,Recall/reminiscence memory family.,high,
f30917,7,102039,回顾,'回顾',0.26927876,technical context stress,semantic_coherent,recall/recalling,Recall/reminiscence memory family.,high,
f30917,8,76800, Recall,' Recall',0.25253403,technical context stress,semantic_coherent,recall/recalling,Recall/reminiscence memory family.,high,
f30917,9,30111, recalled,' recalled',0.25181630,technical context stress,semantic_coherent,recall/recalling,Recall/reminiscence memory family.,high,
f30917,10,90593,recall,'recall',0.23993573,technical context stress,semantic_coherent,recall/recalling,Recall/reminiscence memory family.,high,
f30917,11,38799, recalls,' recalls',0.21178894,technical context stress,semantic_coherent,recall/recalling,Recall/reminiscence memory family.,high,
f30917,12,137238,追忆,'追忆',0.19461818,technical context stress,semantic_coherent,recall/recalling,Recall/reminiscence memory family.,high,
f30917,13,142124,回顧,'回顧',0.18600641,technical context stress,semantic_coherent,recall/recalling,Recall/reminiscence memory family.,high,
f30917,14,184760,思い出,'思い出',0.16193818,technical context stress,semantic_coherent,recall/recalling,Recall/reminiscence memory family.,high,
f30917,15,132447,回想起,'回想起',0.15647173,technical context stress,semantic_coherent,recall/recalling,Recall/reminiscence memory family.,high,
f30917,16,98067,忆,'忆',0.14720829,technical context stress,semantic_coherent,recall/recalling,Recall/reminiscence memory family.,high,
f30917,17,148141,回顾了,'回顾了',0.14600347,technical context stress,semantic_coherent,recall/recalling,Recall/reminiscence memory family.,high,
f30917,18,221788, вспомина,' вспомина',0.14392933,technical context stress,semantic_coherent,recall/recalling,Recall/reminiscence memory family.,high,
f30917,19,189493, recordar,' recordar',0.14223538,technical context stress,semantic_coherent,recall/recalling,Recall/reminiscence memory family.,high,
f30917,20,198317, ricordo,' ricordo',0.14124906,technical context stress,semantic_coherent,recall/recalling,Recall/reminiscence memory family.,high,
f31242,1,5983, green,' green',0.51039720,general readout examples,semantic_coherent,green,Green color family with multilingual and case variants.,high,
f31242,2,12865,green,'green',0.46087512,general readout examples,semantic_coherent,green,Green color family with multilingual and case variants.,high,
f31242,3,116701,綠色,'綠色',0.40881366,general readout examples,semantic_coherent,green,Green color family with multilingual and case variants.,high,
f31242,4,98875,绿色,'绿色',0.40342537,general readout examples,semantic_coherent,green,Green color family with multilingual and case variants.,high,
f31242,5,18978,Green,'Green',0.39500833,general readout examples,semantic_coherent,green,Green color family with multilingual and case variants.,high,
f31242,6,51762, GREEN,' GREEN',0.39320126,general readout examples,semantic_coherent,green,Green color family with multilingual and case variants.,high,
f31242,7,36999,-green,'-green',0.38521674,general readout examples,semantic_coherent,green,Green color family with multilingual and case variants.,high,
f31242,8,7592, Green,' Green',0.38367313,general readout examples,semantic_coherent,green,Green color family with multilingual and case variants.,high,
f31242,9,46645,_green,'_green',0.37022677,general readout examples,semantic_coherent,green,Green color family with multilingual and case variants.,high,
f31242,10,139948,的绿色,'的绿色',0.36265919,general readout examples,semantic_coherent,green,Green color family with multilingual and case variants.,high,
f31242,11,113693,绿色的,'绿色的',0.35569504,general readout examples,semantic_coherent,green,Green color family with multilingual and case variants.,high,
f31242,12,102939,綠,'綠',0.34104341,general readout examples,semantic_coherent,green,Green color family with multilingual and case variants.,high,
f31242,13,208500, зеленый,' зеленый',0.33308226,general readout examples,semantic_coherent,green,Green color family with multilingual and case variants.,high,
f31242,14,186471, hijau,' hijau',0.33027378,general readout examples,semantic_coherent,green,Green color family with multilingual and case variants.,high,
f31242,15,96946,绿,'绿',0.32742140,general readout examples,semantic_coherent,green,Green color family with multilingual and case variants.,high,
f31242,16,246925,緑,'緑',0.32701099,general readout examples,semantic_coherent,green,Green color family with multilingual and case variants.,high,
f31242,17,49199, greens,' greens',0.31431586,general readout examples,semantic_coherent,green,Green color family with multilingual and case variants.,high,
f31242,18,54079,GREEN,'GREEN',0.31339404,general readout examples,semantic_coherent,green,Green color family with multilingual and case variants.,high,
f31242,19,167672, зелен,' зелен',0.30859700,general readout examples,semantic_coherent,green,Green color family with multilingual and case variants.,high,
f31242,20,28010,.green,'.green',0.30788526,general readout examples,semantic_coherent,green,Green color family with multilingual and case variants.,high,
f32168,1,12454, edges,' edges',0.51213598,technical context stress,semantic_coherent,edges/edge,Edge/edges graph-structure family with code-style variants.,high,
f32168,2,16406,edges,'edges',0.39214629,technical context stress,semantic_coherent,edges/edge,Edge/edges graph-structure family with code-style variants.,high,
f32168,3,39765,Edges,'Edges',0.35064781,technical context stress,semantic_coherent,edges/edge,Edge/edges graph-structure family with code-style variants.,high,
f32168,4,6607, edge,' edge',0.28232002,technical context stress,semantic_coherent,edges/edge,Edge/edges graph-structure family with code-style variants.,high,
f32168,5,27120,_edges,'_edges',0.27763706,technical context stress,semantic_coherent,edges/edge,Edge/edges graph-structure family with code-style variants.,high,
f32168,6,10041, Edge,' Edge',0.25961745,technical context stress,semantic_coherent,edges/edge,Edge/edges graph-structure family with code-style variants.,high,
f32168,7,11320,Edge,'Edge',0.25200927,technical context stress,semantic_coherent,edges/edge,Edge/edges graph-structure family with code-style variants.,high,
f32168,8,6960,edge,'edge',0.24206026,technical context stress,semantic_coherent,edges/edge,Edge/edges graph-structure family with code-style variants.,high,
f32168,9,45771,-edge,'-edge',0.23599552,technical context stress,semantic_coherent,edges/edge,Edge/edges graph-structure family with code-style variants.,high,
f32168,10,42882,.edges,'.edges',0.23013319,technical context stress,semantic_coherent,edges/edge,Edge/edges graph-structure family with code-style variants.,high,
f32168,11,17396,_edge,'_edge',0.20124748,technical context stress,semantic_coherent,edges/edge,Edge/edges graph-structure family with code-style variants.,high,
f32168,12,72532,(edges,'(edges',0.16862072,technical context stress,semantic_coherent,edges/edge,Edge/edges graph-structure family with code-style variants.,high,
f32168,13,104617,边缘,'边缘',0.16545485,technical context stress,semantic_coherent,edges/edge,Edge/edges graph-structure family with code-style variants.,high,
f32168,14,86483, edged,' edged',0.15385285,technical context stress,semantic_coherent,edges/edge,Edge/edges graph-structure family with code-style variants.,high,
f32168,15,22730, corners,' corners',0.14604227,technical context stress,semantic_coherent,edges/edge,Edge/edges graph-structure family with code-style variants.,high,
f32168,16,79948, EDGE,' EDGE',0.14151786,technical context stress,semantic_coherent,edges/edge,Edge/edges graph-structure family with code-style variants.,high,
f32168,17,80807,EDGE,'EDGE',0.13829240,technical context stress,semantic_coherent,edges/edge,Edge/edges graph-structure family with code-style variants.,high,
f32168,18,38468,(edge,'(edge',0.13558269,technical context stress,semantic_coherent,edges/edge,Edge/edges graph-structure family with code-style variants.,high,
f32168,19,10744, sides,' sides',0.13359614,technical context stress,semantic_coherent,edges/edge,Edge/edges graph-structure family with code-style variants.,high,
f32168,20,52442,.edge,'.edge',0.13117637,technical context stress,semantic_coherent,edges/edge,Edge/edges graph-structure family with code-style variants.,high,
f32574,1,9399,sect,'sect',0.65970743,fixed-token context panels,nonsemantic_or_ambiguous,sect,sect/section/insect fragment mixture; not a clean insect label.,low,navigation-only in audit
f32574,2,52604,sects,'sects',0.35395488,fixed-token context panels,nonsemantic_or_ambiguous,sect,sect/section/insect fragment mixture; not a clean insect label.,low,navigation-only in audit
f32574,3,29153, sect,' sect',0.22265008,fixed-token context panels,nonsemantic_or_ambiguous,sect,sect/section/insect fragment mixture; not a clean insect label.,low,navigation-only in audit
f32574,4,91494, Sect,' Sect',0.16330171,fixed-token context panels,nonsemantic_or_ambiguous,sect,sect/section/insect fragment mixture; not a clean insect label.,low,navigation-only in audit
f32574,5,25158, insect,' insect',0.15629673,fixed-token context panels,nonsemantic_or_ambiguous,sect,sect/section/insect fragment mixture; not a clean insect label.,low,navigation-only in audit
f32574,6,76087, sectarian,' sectarian',0.10631538,fixed-token context panels,nonsemantic_or_ambiguous,sect,sect/section/insect fragment mixture; not a clean insect label.,low,navigation-only in audit
f32574,7,39465, insects,' insects',0.09487917,fixed-token context panels,nonsemantic_or_ambiguous,sect,sect/section/insect fragment mixture; not a clean insect label.,low,navigation-only in audit
f32574,8,71436, dissect,' dissect',0.08100033,fixed-token context panels,nonsemantic_or_ambiguous,sect,sect/section/insect fragment mixture; not a clean insect label.,low,navigation-only in audit
f32574,9,238353, насекомых,' насекомых',0.08019409,fixed-token context panels,nonsemantic_or_ambiguous,sect,sect/section/insect fragment mixture; not a clean insect label.,low,navigation-only in audit
f32574,10,2720,section,'section',0.07650526,fixed-token context panels,nonsemantic_or_ambiguous,sect,sect/section/insect fragment mixture; not a clean insect label.,low,navigation-only in audit
f32574,11,218381, masakan,' masakan',0.07513024,fixed-token context panels,nonsemantic_or_ambiguous,sect,sect/section/insect fragment mixture; not a clean insect label.,low,navigation-only in audit
f32574,12,87618,bred,'bred',0.07447226,fixed-token context panels,nonsemantic_or_ambiguous,sect,sect/section/insect fragment mixture; not a clean insect label.,low,navigation-only in audit
f32574,13,2238,bug,'bug',0.07309806,fixed-token context panels,nonsemantic_or_ambiguous,sect,sect/section/insect fragment mixture; not a clean insect label.,low,navigation-only in audit
f32574,14,171291, Resta,' Resta',0.07111942,fixed-token context panels,nonsemantic_or_ambiguous,sect,sect/section/insect fragment mixture; not a clean insect label.,low,navigation-only in audit
f32574,15,225648,変わらず,'変わらず',0.06913644,fixed-token context panels,nonsemantic_or_ambiguous,sect,sect/section/insect fragment mixture; not a clean insect label.,low,navigation-only in audit
f32574,16,116493,昆虫,'昆虫',0.06337759,fixed-token context panels,nonsemantic_or_ambiguous,sect,sect/section/insect fragment mixture; not a clean insect label.,low,navigation-only in audit
f32574,17,139465,蚊虫,'蚊虫',0.06207433,fixed-token context panels,nonsemantic_or_ambiguous,sect,sect/section/insect fragment mixture; not a clean insect label.,low,navigation-only in audit
f32574,18,173679,нди,'нди',0.06201160,fixed-token context panels,nonsemantic_or_ambiguous,sect,sect/section/insect fragment mixture; not a clean insect label.,low,navigation-only in audit
f32574,19,158421,ほん,'ほん',0.06030652,fixed-token context panels,nonsemantic_or_ambiguous,sect,sect/section/insect fragment mixture; not a clean insect label.,low,navigation-only in audit
f32574,20,23884,sections,'sections',0.05959006,fixed-token context panels,nonsemantic_or_ambiguous,sect,sect/section/insect fragment mixture; not a clean insect label.,low,navigation-only in audit
f32627,1,17261, VM,' VM',0.54238659,technical context stress,semantic_coherent,VM/vm,"VM/virtual-machine/software-token family, including vm, VMware, JVM, SVM, and viewModel variants.",high,
f32627,2,10862,VM,'VM',0.33269677,technical context stress,semantic_coherent,VM/vm,"VM/virtual-machine/software-token family, including vm, VMware, JVM, SVM, and viewModel variants.",high,
f32627,3,10674, vm,' vm',0.27365571,technical context stress,semantic_coherent,VM/vm,"VM/virtual-machine/software-token family, including vm, VMware, JVM, SVM, and viewModel variants.",high,
f32627,4,7107,vm,'vm',0.24186823,technical context stress,semantic_coherent,VM/vm,"VM/virtual-machine/software-token family, including vm, VMware, JVM, SVM, and viewModel variants.",high,
f32627,5,30682,(vm,'(vm',0.23875210,technical context stress,semantic_coherent,VM/vm,"VM/virtual-machine/software-token family, including vm, VMware, JVM, SVM, and viewModel variants.",high,
f32627,6,120070,虚拟机,'虚拟机',0.22025955,technical context stress,semantic_coherent,VM/vm,"VM/virtual-machine/software-token family, including vm, VMware, JVM, SVM, and viewModel variants.",high,
f32627,7,37716,_vm,'_vm',0.20389496,technical context stress,semantic_coherent,VM/vm,"VM/virtual-machine/software-token family, including vm, VMware, JVM, SVM, and viewModel variants.",high,
f32627,8,53034,\tvm,'\tvm',0.20321330,technical context stress,semantic_coherent,VM/vm,"VM/virtual-machine/software-token family, including vm, VMware, JVM, SVM, and viewModel variants.",high,
f32627,9,63189,_VM,'_VM',0.20177799,technical context stress,semantic_coherent,VM/vm,"VM/virtual-machine/software-token family, including vm, VMware, JVM, SVM, and viewModel variants.",high,
f32627,10,37377,.vm,'.vm',0.15739930,technical context stress,semantic_coherent,VM/vm,"VM/virtual-machine/software-token family, including vm, VMware, JVM, SVM, and viewModel variants.",high,
f32627,11,85088,Vm,'Vm',0.14814582,technical context stress,semantic_coherent,VM/vm,"VM/virtual-machine/software-token family, including vm, VMware, JVM, SVM, and viewModel variants.",high,
f32627,12,62716, VMware,' VMware',0.13887176,technical context stress,semantic_coherent,VM/vm,"VM/virtual-machine/software-token family, including vm, VMware, JVM, SVM, and viewModel variants.",high,
f32627,13,69922, JVM,' JVM',0.13481796,technical context stress,semantic_coherent,VM/vm,"VM/virtual-machine/software-token family, including vm, VMware, JVM, SVM, and viewModel variants.",high,
f32627,14,86912, SVM,' SVM',0.12452060,technical context stress,semantic_coherent,VM/vm,"VM/virtual-machine/software-token family, including vm, VMware, JVM, SVM, and viewModel variants.",high,
f32627,15,32502, ViewModel,' ViewModel',0.11565000,technical context stress,semantic_coherent,VM/vm,"VM/virtual-machine/software-token family, including vm, VMware, JVM, SVM, and viewModel variants.",high,
f32627,16,64074, svm,' svm',0.10443103,technical context stress,semantic_coherent,VM/vm,"VM/virtual-machine/software-token family, including vm, VMware, JVM, SVM, and viewModel variants.",high,
f32627,17,12328,ViewModel,'ViewModel',0.10422191,technical context stress,semantic_coherent,VM/vm,"VM/virtual-machine/software-token family, including vm, VMware, JVM, SVM, and viewModel variants.",high,
f32627,18,20083, viewModel,' viewModel',0.09815371,technical context stress,semantic_coherent,VM/vm,"VM/virtual-machine/software-token family, including vm, VMware, JVM, SVM, and viewModel variants.",high,
f32627,19,92924,svm,'svm',0.09465435,technical context stress,semantic_coherent,VM/vm,"VM/virtual-machine/software-token family, including vm, VMware, JVM, SVM, and viewModel variants.",high,
f32627,20,71109,viewModel,'viewModel',0.09234086,technical context stress,semantic_coherent,VM/vm,"VM/virtual-machine/software-token family, including vm, VMware, JVM, SVM, and viewModel variants.",high,
f34366,1,235360,바이러스,'바이러스',0.68504739,technical context stress,nonsemantic_or_ambiguous,virus/boots,Virus-token family mixed with software/bootstrap fragments.,medium,navigation-only in audit
f34366,2,208696, 바이러스,' 바이러스',0.27750626,technical context stress,nonsemantic_or_ambiguous,virus/boots,Virus-token family mixed with software/bootstrap fragments.,medium,navigation-only in audit
f34366,3,164249,ウイルス,'ウイルス',0.18846679,technical context stress,nonsemantic_or_ambiguous,virus/boots,Virus-token family mixed with software/bootstrap fragments.,medium,navigation-only in audit
f34366,4,194367,ไวรัส,'ไวรัส',0.15334737,technical context stress,nonsemantic_or_ambiguous,virus/boots,Virus-token family mixed with software/bootstrap fragments.,medium,navigation-only in audit
f34366,5,98688,病毒,'病毒',0.11871058,technical context stress,nonsemantic_or_ambiguous,virus/boots,Virus-token family mixed with software/bootstrap fragments.,medium,navigation-only in audit
f34366,6,192155, вирус,' вирус',0.09991707,technical context stress,nonsemantic_or_ambiguous,virus/boots,Virus-token family mixed with software/bootstrap fragments.,medium,navigation-only in audit
f34366,7,126097,病毒的,'病毒的',0.09666148,technical context stress,nonsemantic_or_ambiguous,virus/boots,Virus-token family mixed with software/bootstrap fragments.,medium,navigation-only in audit
f34366,8,124701,病毒感染,'病毒感染',0.09231369,technical context stress,nonsemantic_or_ambiguous,virus/boots,Virus-token family mixed with software/bootstrap fragments.,medium,navigation-only in audit
f34366,9,188944, لاز,' لاز',0.08264329,technical context stress,nonsemantic_or_ambiguous,virus/boots,Virus-token family mixed with software/bootstrap fragments.,medium,navigation-only in audit
f34366,10,199981, pedagang,' pedagang',0.07626858,technical context stress,nonsemantic_or_ambiguous,virus/boots,Virus-token family mixed with software/bootstrap fragments.,medium,navigation-only in audit
f34366,11,156891,írus,'írus',0.07578838,technical context stress,nonsemantic_or_ambiguous,virus/boots,Virus-token family mixed with software/bootstrap fragments.,medium,navigation-only in audit
f34366,12,194271, vírus,' vírus',0.07571378,technical context stress,nonsemantic_or_ambiguous,virus/boots,Virus-token family mixed with software/bootstrap fragments.,medium,navigation-only in audit
f34366,13,245093, вируса,' вируса',0.07360777,technical context stress,nonsemantic_or_ambiguous,virus/boots,Virus-token family mixed with software/bootstrap fragments.,medium,navigation-only in audit
f34366,14,23612,-bootstrap,'-bootstrap',0.07352979,technical context stress,nonsemantic_or_ambiguous,virus/boots,Virus-token family mixed with software/bootstrap fragments.,medium,navigation-only in audit
f34366,15,213534,вирус,'вирус',0.07344873,technical context stress,nonsemantic_or_ambiguous,virus/boots,Virus-token family mixed with software/bootstrap fragments.,medium,navigation-only in audit
f34366,16,39615, viruses,' viruses',0.07158099,technical context stress,nonsemantic_or_ambiguous,virus/boots,Virus-token family mixed with software/bootstrap fragments.,medium,navigation-only in audit
f34366,17,236347, ไว,' ไว',0.07081317,technical context stress,nonsemantic_or_ambiguous,virus/boots,Virus-token family mixed with software/bootstrap fragments.,medium,navigation-only in audit
f34366,18,27920, viral,' viral',0.06872252,technical context stress,nonsemantic_or_ambiguous,virus/boots,Virus-token family mixed with software/bootstrap fragments.,medium,navigation-only in audit
f34366,19,107080,双随机,'双随机',0.06800499,technical context stress,nonsemantic_or_ambiguous,virus/boots,Virus-token family mixed with software/bootstrap fragments.,medium,navigation-only in audit
f34366,20,165952,فيروس,'فيروس',0.06668609,technical context stress,nonsemantic_or_ambiguous,virus/boots,Virus-token family mixed with software/bootstrap fragments.,medium,navigation-only in audit
f34693,1,280, p,' p',0.30373329,main bug panels,token_form_artifact,p/j/d/b,Single lowercase-letter feature.,high,token-form artifact
f34693,2,492, j,' j',0.28775457,main bug panels,token_form_artifact,p/j/d/b,Single lowercase-letter feature.,high,token-form artifact
f34693,3,293, d,' d',0.28735751,main bug panels,token_form_artifact,p/j/d/b,Single lowercase-letter feature.,high,token-form artifact
f34693,4,292, b,' b',0.27920097,main bug panels,token_form_artifact,p/j/d/b,Single lowercase-letter feature.,high,token-form artifact
f34693,5,259, t,' t',0.27811691,main bug panels,token_form_artifact,p/j/d/b,Single lowercase-letter feature.,high,token-form artifact
f34693,6,338, g,' g',0.27473110,main bug panels,token_form_artifact,p/j/d/b,Single lowercase-letter feature.,high,token-form artifact
f34693,7,295, m,' m',0.27313265,main bug panels,token_form_artifact,p/j/d/b,Single lowercase-letter feature.,high,token-form artifact
f34693,8,324, l,' l',0.26805392,main bug panels,token_form_artifact,p/j/d/b,Single lowercase-letter feature.,high,token-form artifact
f34693,9,304, h,' h',0.25748321,main bug panels,token_form_artifact,p/j/d/b,Single lowercase-letter feature.,high,token-form artifact
f34693,10,274, s,' s',0.25429234,main bug panels,token_form_artifact,p/j/d/b,Single lowercase-letter feature.,high,token-form artifact
f34693,11,580, k,' k',0.25424600,main bug panels,token_form_artifact,p/j/d/b,Single lowercase-letter feature.,high,token-form artifact
f34693,12,945, em,' em',0.25071314,main bug panels,token_form_artifact,p/j/d/b,Single lowercase-letter feature.,high,token-form artifact
f34693,13,272, c,' c',0.25003049,main bug panels,token_form_artifact,p/j/d/b,Single lowercase-letter feature.,high,token-form artifact
f34693,14,296, o,' o',0.24581990,main bug panels,token_form_artifact,p/j/d/b,Single lowercase-letter feature.,high,token-form artifact
f34693,15,307, n,' n',0.24393657,main bug panels,token_form_artifact,p/j/d/b,Single lowercase-letter feature.,high,token-form artifact
f34693,16,427, r,' r',0.23695970,main bug panels,token_form_artifact,p/j/d/b,Single lowercase-letter feature.,high,token-form artifact
f34693,17,1016, pe,' pe',0.23022056,main bug panels,token_form_artifact,p/j/d/b,Single lowercase-letter feature.,high,token-form artifact
f34693,18,374, y,' y',0.22454888,main bug panels,token_form_artifact,p/j/d/b,Single lowercase-letter feature.,high,token-form artifact
f34693,19,281, f,' f',0.22444832,main bug panels,token_form_artifact,p/j/d/b,Single lowercase-letter feature.,high,token-form artifact
f34693,20,343, v,' v',0.22221503,main bug panels,token_form_artifact,p/j/d/b,Single lowercase-letter feature.,high,token-form artifact
f34735,1,12293, taste,' taste',0.59210157,technical context stress,nonsemantic_or_ambiguous,taste/Taste/tastes,Taste/flavor sensory family; coherent but off-target for the audited memory contrast.,medium,navigation-only in audit
f34735,2,56035, Taste,' Taste',0.44331700,technical context stress,nonsemantic_or_ambiguous,taste/Taste/tastes,Taste/flavor sensory family; coherent but off-target for the audited memory contrast.,medium,navigation-only in audit
f34735,3,33999, tastes,' tastes',0.26704139,technical context stress,nonsemantic_or_ambiguous,taste/Taste/tastes,Taste/flavor sensory family; coherent but off-target for the audited memory contrast.,medium,navigation-only in audit
f34735,4,188195, goût,' goût',0.21975520,technical context stress,nonsemantic_or_ambiguous,taste/Taste/tastes,Taste/flavor sensory family; coherent but off-target for the audited memory contrast.,medium,navigation-only in audit
f34735,5,197171, Geschmack,' Geschmack',0.21267010,technical context stress,nonsemantic_or_ambiguous,taste/Taste/tastes,Taste/flavor sensory family; coherent but off-target for the audited memory contrast.,medium,navigation-only in audit
f34735,6,58442, tasted,' tasted',0.18151733,technical context stress,nonsemantic_or_ambiguous,taste/Taste/tastes,Taste/flavor sensory family; coherent but off-target for the audited memory contrast.,medium,navigation-only in audit
f34735,7,239729, smaak,' smaak',0.17010976,technical context stress,nonsemantic_or_ambiguous,taste/Taste/tastes,Taste/flavor sensory family; coherent but off-target for the audited memory contrast.,medium,navigation-only in audit
f34735,8,156123, вкус,' вкус',0.16514349,technical context stress,nonsemantic_or_ambiguous,taste/Taste/tastes,Taste/flavor sensory family; coherent but off-target for the audited memory contrast.,medium,navigation-only in audit
f34735,9,21388, smell,' smell',0.15889180,technical context stress,nonsemantic_or_ambiguous,taste/Taste/tastes,Taste/flavor sensory family; coherent but off-target for the audited memory contrast.,medium,navigation-only in audit
f34735,10,182294, gosto,' gosto',0.15708746,technical context stress,nonsemantic_or_ambiguous,taste/Taste/tastes,Taste/flavor sensory family; coherent but off-target for the audited memory contrast.,medium,navigation-only in audit
f34735,11,109518,口味,'口味',0.15688989,technical context stress,nonsemantic_or_ambiguous,taste/Taste/tastes,Taste/flavor sensory family; coherent but off-target for the audited memory contrast.,medium,navigation-only in audit
f34735,12,152692, 맛,' 맛',0.15619805,technical context stress,nonsemantic_or_ambiguous,taste/Taste/tastes,Taste/flavor sensory family; coherent but off-target for the audited memory contrast.,medium,navigation-only in audit
f34735,13,55162, tast,' tast',0.15604906,technical context stress,nonsemantic_or_ambiguous,taste/Taste/tastes,Taste/flavor sensory family; coherent but off-target for the audited memory contrast.,medium,navigation-only in audit
f34735,14,103794,味道,'味道',0.15405624,technical context stress,nonsemantic_or_ambiguous,taste/Taste/tastes,Taste/flavor sensory family; coherent but off-target for the audited memory contrast.,medium,navigation-only in audit
f34735,15,16666, flavor,' flavor',0.14811490,technical context stress,nonsemantic_or_ambiguous,taste/Taste/tastes,Taste/flavor sensory family; coherent but off-target for the audited memory contrast.,medium,navigation-only in audit
f34735,16,44854, tasting,' tasting',0.14387526,technical context stress,nonsemantic_or_ambiguous,taste/Taste/tastes,Taste/flavor sensory family; coherent but off-target for the audited memory contrast.,medium,navigation-only in audit
f34735,17,230612, Tast,' Tast',0.13511577,technical context stress,nonsemantic_or_ambiguous,taste/Taste/tastes,Taste/flavor sensory family; coherent but off-target for the audited memory contrast.,medium,navigation-only in audit
f34735,18,236476, вкуса,' вкуса',0.12576942,technical context stress,nonsemantic_or_ambiguous,taste/Taste/tastes,Taste/flavor sensory family; coherent but off-target for the audited memory contrast.,medium,navigation-only in audit
f34735,19,89055, gusto,' gusto',0.12410673,technical context stress,nonsemantic_or_ambiguous,taste/Taste/tastes,Taste/flavor sensory family; coherent but off-target for the audited memory contrast.,medium,navigation-only in audit
f34735,20,180708, sabor,' sabor',0.12402927,technical context stress,nonsemantic_or_ambiguous,taste/Taste/tastes,Taste/flavor sensory family; coherent but off-target for the audited memory contrast.,medium,navigation-only in audit
f37327,1,97460,蓝,'蓝',0.62138098,general readout examples,nonsemantic_or_ambiguous,Blue,Blue color family with multilingual and capitalization variants; kept navigation-only in the conservative audit.,medium,navigation-only in audit
f37327,2,102965,藍,'藍',0.49739054,general readout examples,nonsemantic_or_ambiguous,Blue,Blue color family with multilingual and capitalization variants; kept navigation-only in the conservative audit.,medium,navigation-only in audit
f37327,3,8432, Blue,' Blue',0.39809728,general readout examples,nonsemantic_or_ambiguous,Blue,Blue color family with multilingual and capitalization variants; kept navigation-only in the conservative audit.,medium,navigation-only in audit
f37327,4,10025,Blue,'Blue',0.39772934,general readout examples,nonsemantic_or_ambiguous,Blue,Blue color family with multilingual and capitalization variants; kept navigation-only in the conservative audit.,medium,navigation-only in audit
f37327,5,11855,blue,'blue',0.38466480,general readout examples,nonsemantic_or_ambiguous,Blue,Blue color family with multilingual and capitalization variants; kept navigation-only in the conservative audit.,medium,navigation-only in audit
f37327,6,6105, blue,' blue',0.37350667,general readout examples,nonsemantic_or_ambiguous,Blue,Blue color family with multilingual and capitalization variants; kept navigation-only in the conservative audit.,medium,navigation-only in audit
f37327,7,30615,-blue,'-blue',0.31687510,general readout examples,nonsemantic_or_ambiguous,Blue,Blue color family with multilingual and capitalization variants; kept navigation-only in the conservative audit.,medium,navigation-only in audit
f37327,8,104145,蓝色,'蓝色',0.30162999,general readout examples,nonsemantic_or_ambiguous,Blue,Blue color family with multilingual and capitalization variants; kept navigation-only in the conservative audit.,medium,navigation-only in audit
f37327,9,116981,蓝色的,'蓝色的',0.29830593,general readout examples,nonsemantic_or_ambiguous,Blue,Blue color family with multilingual and capitalization variants; kept navigation-only in the conservative audit.,medium,navigation-only in audit
f37327,10,94538,/blue,'/blue',0.29588181,general readout examples,nonsemantic_or_ambiguous,Blue,Blue color family with multilingual and capitalization variants; kept navigation-only in the conservative audit.,medium,navigation-only in audit
f37327,11,33833,_blue,'_blue',0.28883880,general readout examples,nonsemantic_or_ambiguous,Blue,Blue color family with multilingual and capitalization variants; kept navigation-only in the conservative audit.,medium,navigation-only in audit
f37327,12,128178,藍色,'藍色',0.28404531,general readout examples,nonsemantic_or_ambiguous,Blue,Blue color family with multilingual and capitalization variants; kept navigation-only in the conservative audit.,medium,navigation-only in audit
f37327,13,226932, синий,' синий',0.25791091,general readout examples,nonsemantic_or_ambiguous,Blue,Blue color family with multilingual and capitalization variants; kept navigation-only in the conservative audit.,medium,navigation-only in audit
f37327,14,120738,蓝光,'蓝光',0.25723788,general readout examples,nonsemantic_or_ambiguous,Blue,Blue color family with multilingual and capitalization variants; kept navigation-only in the conservative audit.,medium,navigation-only in audit
f37327,15,210685, biru,' biru',0.25695637,general readout examples,nonsemantic_or_ambiguous,Blue,Blue color family with multilingual and capitalization variants; kept navigation-only in the conservative audit.,medium,navigation-only in audit
f37327,16,54018, BLUE,' BLUE',0.25401625,general readout examples,nonsemantic_or_ambiguous,Blue,Blue color family with multilingual and capitalization variants; kept navigation-only in the conservative audit.,medium,navigation-only in audit
f37327,17,179556, azul,' azul',0.24154778,general readout examples,nonsemantic_or_ambiguous,Blue,Blue color family with multilingual and capitalization variants; kept navigation-only in the conservative audit.,medium,navigation-only in audit
f37327,18,93850,_Blue,'_Blue',0.23763283,general readout examples,nonsemantic_or_ambiguous,Blue,Blue color family with multilingual and capitalization variants; kept navigation-only in the conservative audit.,medium,navigation-only in audit
f37327,19,26121,.blue,'.blue',0.23581316,general readout examples,nonsemantic_or_ambiguous,Blue,Blue color family with multilingual and capitalization variants; kept navigation-only in the conservative audit.,medium,navigation-only in audit
f37327,20,187461,ブルー,'ブルー',0.22984184,general readout examples,nonsemantic_or_ambiguous,Blue,Blue color family with multilingual and capitalization variants; kept navigation-only in the conservative audit.,medium,navigation-only in audit
f37669,1,236474, bassi,' bassi',0.61336827,additional bark/bass margins,nonsemantic_or_ambiguous,bassi,Bass/bassi/basso fragment family with music/pitch hints and multilingual fragments.,low,navigation-only in audit
f37669,2,219208, bajos,' bajos',0.18770306,additional bark/bass margins,nonsemantic_or_ambiguous,bassi,Bass/bassi/basso fragment family with music/pitch hints and multilingual fragments.,low,navigation-only in audit
f37669,3,212176, alti,' alti',0.17248443,additional bark/bass margins,nonsemantic_or_ambiguous,bassi,Bass/bassi/basso fragment family with music/pitch hints and multilingual fragments.,low,navigation-only in audit
f37669,4,181447, basso,' basso',0.16917422,additional bark/bass margins,nonsemantic_or_ambiguous,bassi,Bass/bassi/basso fragment family with music/pitch hints and multilingual fragments.,low,navigation-only in audit
f37669,5,20869, bass,' bass',0.12918672,additional bark/bass margins,nonsemantic_or_ambiguous,bassi,Bass/bassi/basso fragment family with music/pitch hints and multilingual fragments.,low,navigation-only in audit
f37669,6,34761, Bass,' Bass',0.11130508,additional bark/bass margins,nonsemantic_or_ambiguous,bassi,Bass/bassi/basso fragment family with music/pitch hints and multilingual fragments.,low,navigation-only in audit
f37669,7,192333, basse,' basse',0.10670588,additional bark/bass margins,nonsemantic_or_ambiguous,bassi,Bass/bassi/basso fragment family with music/pitch hints and multilingual fragments.,low,navigation-only in audit
f37669,8,157905, басс,' басс',0.08643858,additional bark/bass margins,nonsemantic_or_ambiguous,bassi,Bass/bassi/basso fragment family with music/pitch hints and multilingual fragments.,low,navigation-only in audit
f37669,9,186753, altos,' altos',0.08358131,additional bark/bass margins,nonsemantic_or_ambiguous,bassi,Bass/bassi/basso fragment family with music/pitch hints and multilingual fragments.,low,navigation-only in audit
f37669,10,163515, baix,' baix',0.07694454,additional bark/bass margins,nonsemantic_or_ambiguous,bassi,Bass/bassi/basso fragment family with music/pitch hints and multilingual fragments.,low,navigation-only in audit
f37669,11,206108,แค่ไหน,'แค่ไหน',0.06949428,additional bark/bass margins,nonsemantic_or_ambiguous,bassi,Bass/bassi/basso fragment family with music/pitch hints and multilingual fragments.,low,navigation-only in audit
f37669,12,48125,jin,'jin',0.06874290,additional bark/bass margins,nonsemantic_or_ambiguous,bassi,Bass/bassi/basso fragment family with music/pitch hints and multilingual fragments.,low,navigation-only in audit
f37669,13,127656,低音,'低音',0.06822579,additional bark/bass margins,nonsemantic_or_ambiguous,bassi,Bass/bassi/basso fragment family with music/pitch hints and multilingual fragments.,low,navigation-only in audit
f37669,14,38660,backgroundColor,'backgroundColor',0.06554037,additional bark/bass margins,nonsemantic_or_ambiguous,bassi,Bass/bassi/basso fragment family with music/pitch hints and multilingual fragments.,low,navigation-only in audit
f37669,15,183767, بْنِ,' بْنِ',0.06359990,additional bark/bass margins,nonsemantic_or_ambiguous,bassi,Bass/bassi/basso fragment family with music/pitch hints and multilingual fragments.,low,navigation-only in audit
f37669,16,168520, lengk,' lengk',0.06052460,additional bark/bass margins,nonsemantic_or_ambiguous,bassi,Bass/bassi/basso fragment family with music/pitch hints and multilingual fragments.,low,navigation-only in audit
f37669,17,157933, السف,' السف',0.05951896,additional bark/bass margins,nonsemantic_or_ambiguous,bassi,Bass/bassi/basso fragment family with music/pitch hints and multilingual fragments.,low,navigation-only in audit
f37669,18,164429,داشت,'داشت',0.05868054,additional bark/bass margins,nonsemantic_or_ambiguous,bassi,Bass/bassi/basso fragment family with music/pitch hints and multilingual fragments.,low,navigation-only in audit
f37669,19,215653, buoni,' buoni',0.05856364,additional bark/bass margins,nonsemantic_or_ambiguous,bassi,Bass/bassi/basso fragment family with music/pitch hints and multilingual fragments.,low,navigation-only in audit
f37669,20,155738, scol,' scol',0.05739117,additional bark/bass margins,nonsemantic_or_ambiguous,bassi,Bass/bassi/basso fragment family with music/pitch hints and multilingual fragments.,low,navigation-only in audit
f37682,1,177659, графи,' графи',0.68147922,technical context stress,semantic_coherent,grafik/Graph/graphs,Graph/chart multilingual lexical family.,high,
f37682,2,220397, график,' график',0.31377712,technical context stress,semantic_coherent,grafik/Graph/graphs,Graph/chart multilingual lexical family.,high,
f37682,3,239492, График,' График',0.18188590,technical context stress,semantic_coherent,grafik/Graph/graphs,Graph/chart multilingual lexical family.,high,
f37682,4,201868, grafik,' grafik',0.16261791,technical context stress,semantic_coherent,grafik/Graph/graphs,Graph/chart multilingual lexical family.,high,
f37682,5,155222,графи,'графи',0.16234496,technical context stress,semantic_coherent,grafik/Graph/graphs,Graph/chart multilingual lexical family.,high,
f37682,6,211782, Grafik,' Grafik',0.14914934,technical context stress,semantic_coherent,grafik/Graph/graphs,Graph/chart multilingual lexical family.,high,
f37682,7,149009, гра,' гра',0.13746300,technical context stress,semantic_coherent,grafik/Graph/graphs,Graph/chart multilingual lexical family.,high,
f37682,8,243873,Гра,'Гра',0.12221260,technical context stress,semantic_coherent,grafik/Graph/graphs,Graph/chart multilingual lexical family.,high,
f37682,9,208641,กราฟ,'กราฟ',0.10143049,technical context stress,semantic_coherent,grafik/Graph/graphs,Graph/chart multilingual lexical family.,high,
f37682,10,37707, graphs,' graphs',0.10139862,technical context stress,semantic_coherent,grafik/Graph/graphs,Graph/chart multilingual lexical family.,high,
f37682,11,56338, graf,' graf',0.10115121,technical context stress,semantic_coherent,grafik/Graph/graphs,Graph/chart multilingual lexical family.,high,
f37682,12,234587,グラフィ,'グラフィ',0.10021713,technical context stress,semantic_coherent,grafik/Graph/graphs,Graph/chart multilingual lexical family.,high,
f37682,13,223112, gráficos,' gráficos',0.09691438,technical context stress,semantic_coherent,grafik/Graph/graphs,Graph/chart multilingual lexical family.,high,
f37682,14,51357, graphical,' graphical',0.09413078,technical context stress,semantic_coherent,grafik/Graph/graphs,Graph/chart multilingual lexical family.,high,
f37682,15,223776, 그래픽,' 그래픽',0.09410298,technical context stress,semantic_coherent,grafik/Graph/graphs,Graph/chart multilingual lexical family.,high,
f37682,16,216657, grafica,' grafica',0.09145766,technical context stress,semantic_coherent,grafik/Graph/graphs,Graph/chart multilingual lexical family.,high,
f37682,17,201459, γρα,' γρα',0.08862515,technical context stress,semantic_coherent,grafik/Graph/graphs,Graph/chart multilingual lexical family.,high,
f37682,18,13775, graphics,' graphics',0.08741976,technical context stress,semantic_coherent,grafik/Graph/graphs,Graph/chart multilingual lexical family.,high,
f37682,19,229402, grafis,' grafis',0.08531187,technical context stress,semantic_coherent,grafik/Graph/graphs,Graph/chart multilingual lexical family.,high,
f37682,20,156444, Гра,' Гра',0.08463526,technical context stress,semantic_coherent,grafik/Graph/graphs,Graph/chart multilingual lexical family.,high,
f37898,1,22368, convicted,' convicted',0.64558512,general readout examples,semantic_coherent,convicted/sentenced,Conviction/sentencing legal-outcome family.,high,
f37898,2,28178, sentenced,' sentenced',0.20651332,general readout examples,semantic_coherent,convicted/sentenced,Conviction/sentencing legal-outcome family.,high,
f37898,3,87321, acquitted,' acquitted',0.15926284,general readout examples,semantic_coherent,convicted/sentenced,Conviction/sentencing legal-outcome family.,high,
f37898,4,64966, indicted,' indicted',0.15201852,general readout examples,semantic_coherent,convicted/sentenced,Conviction/sentencing legal-outcome family.,high,
f37898,5,27181, conviction,' conviction',0.15011714,general readout examples,semantic_coherent,convicted/sentenced,Conviction/sentencing legal-outcome family.,high,
f37898,6,45348, convictions,' convictions',0.12874614,general readout examples,semantic_coherent,convicted/sentenced,Conviction/sentencing legal-outcome family.,high,
f37898,7,86937, convict,' convict',0.12113686,general readout examples,semantic_coherent,convicted/sentenced,Conviction/sentencing legal-outcome family.,high,
f37898,8,55534, prosecuted,' prosecuted',0.10561806,general readout examples,semantic_coherent,convicted/sentenced,Conviction/sentencing legal-outcome family.,high,
f37898,9,226380, condenado,' condenado',0.10377495,general readout examples,semantic_coherent,convicted/sentenced,Conviction/sentencing legal-outcome family.,high,
f37898,10,27670, diagnosed,' diagnosed',0.09438942,general readout examples,semantic_coherent,convicted/sentenced,Conviction/sentencing legal-outcome family.,high,
f37898,11,12158, arrested,' arrested',0.09107159,general readout examples,semantic_coherent,convicted/sentenced,Conviction/sentencing legal-outcome family.,high,
f37898,12,52676, jailed,' jailed',0.08527140,general readout examples,semantic_coherent,convicted/sentenced,Conviction/sentencing legal-outcome family.,high,
f37898,13,77361, incarcerated,' incarcerated',0.08525406,general readout examples,semantic_coherent,convicted/sentenced,Conviction/sentencing legal-outcome family.,high,
f37898,14,36673, condemned,' condemned',0.08422387,general readout examples,semantic_coherent,convicted/sentenced,Conviction/sentencing legal-outcome family.,high,
f37898,15,123769,人人都,'人人都',0.07368852,general readout examples,semantic_coherent,convicted/sentenced,Conviction/sentencing legal-outcome family.,high,
f37898,16,140570,定罪,'定罪',0.07366072,general readout examples,semantic_coherent,convicted/sentenced,Conviction/sentencing legal-outcome family.,high,
f37898,17,26989, wealthy,' wealthy',0.06698191,general readout examples,semantic_coherent,convicted/sentenced,Conviction/sentencing legal-outcome family.,high,
f37898,18,12404,icted,'icted',0.06608776,general readout examples,semantic_coherent,convicted/sentenced,Conviction/sentencing legal-outcome family.,high,
f37898,19,85792, cultured,' cultured',0.06436890,general readout examples,semantic_coherent,convicted/sentenced,Conviction/sentencing legal-outcome family.,high,
f37898,20,146021,理政,'理政',0.06391885,general readout examples,semantic_coherent,convicted/sentenced,Conviction/sentencing legal-outcome family.,high,
f38036,1,16278, virus,' virus',0.65459418,technical context stress,semantic_coherent,virus/Virus/viruses,Virus/viral lexical family across languages.,high,
f38036,2,61833, Virus,' Virus',0.51014262,technical context stress,semantic_coherent,virus/Virus/viruses,Virus/viral lexical family across languages.,high,
f38036,3,98688,病毒,'病毒',0.41125175,technical context stress,semantic_coherent,virus/Virus/viruses,Virus/viral lexical family across languages.,high,
f38036,4,39615, viruses,' viruses',0.40551379,technical context stress,semantic_coherent,virus/Virus/viruses,Virus/viral lexical family across languages.,high,
f38036,5,237895,virus,'virus',0.40502048,technical context stress,semantic_coherent,virus/Virus/viruses,Virus/viral lexical family across languages.,high,
f38036,6,194271, vírus,' vírus',0.35872850,technical context stress,semantic_coherent,virus/Virus/viruses,Virus/viral lexical family across languages.,high,
f38036,7,126097,病毒的,'病毒的',0.35818607,technical context stress,semantic_coherent,virus/Virus/viruses,Virus/viral lexical family across languages.,high,
f38036,8,208696, 바이러스,' 바이러스',0.31457177,technical context stress,semantic_coherent,virus/Virus/viruses,Virus/viral lexical family across languages.,high,
f38036,9,164249,ウイルス,'ウイルス',0.30725545,technical context stress,semantic_coherent,virus/Virus/viruses,Virus/viral lexical family across languages.,high,
f38036,10,192155, вирус,' вирус',0.30232346,technical context stress,semantic_coherent,virus/Virus/viruses,Virus/viral lexical family across languages.,high,
f38036,11,245093, вируса,' вируса',0.29383287,technical context stress,semantic_coherent,virus/Virus/viruses,Virus/viral lexical family across languages.,high,
f38036,12,205814, الفيروس,' الفيروس',0.26731700,technical context stress,semantic_coherent,virus/Virus/viruses,Virus/viral lexical family across languages.,high,
f38036,13,194367,ไวรัส,'ไวรัส',0.25357467,technical context stress,semantic_coherent,virus/Virus/viruses,Virus/viral lexical family across languages.,high,
f38036,14,27920, viral,' viral',0.25129813,technical context stress,semantic_coherent,virus/Virus/viruses,Virus/viral lexical family across languages.,high,
f38036,15,124701,病毒感染,'病毒感染',0.23389941,technical context stress,semantic_coherent,virus/Virus/viruses,Virus/viral lexical family across languages.,high,
f38036,16,194130, виру,' виру',0.22317520,technical context stress,semantic_coherent,virus/Virus/viruses,Virus/viral lexical family across languages.,high,
f38036,17,241272, Viral,' Viral',0.21859550,technical context stress,semantic_coherent,virus/Virus/viruses,Virus/viral lexical family across languages.,high,
f38036,18,16474,irus,'irus',0.20417187,technical context stress,semantic_coherent,virus/Virus/viruses,Virus/viral lexical family across languages.,high,
f38036,19,192562, فيروس,' فيروس',0.19584076,technical context stress,semantic_coherent,virus/Virus/viruses,Virus/viral lexical family across languages.,high,
f38036,20,213534,вирус,'вирус',0.17596789,technical context stress,semantic_coherent,virus/Virus/viruses,Virus/viral lexical family across languages.,high,
f39358,1,6051, happy,' happy',0.55424434,general readout examples,semantic_coherent,happy/happy,Happy/positive-affect lexical family.,high,
f39358,2,54627,happy,'happy',0.33168432,general readout examples,semantic_coherent,happy/happy,Happy/positive-affect lexical family.,high,
f39358,3,22630, Happy,' Happy',0.32877100,general readout examples,semantic_coherent,happy/happy,Happy/positive-affect lexical family.,high,
f39358,4,31759,Happy,'Happy',0.29752982,general readout examples,semantic_coherent,happy/happy,Happy/positive-affect lexical family.,high,
f39358,5,40754, unhappy,' unhappy',0.26083148,general readout examples,semantic_coherent,happy/happy,Happy/positive-affect lexical family.,high,
f39358,6,35557, happily,' happily',0.24398433,general readout examples,semantic_coherent,happy/happy,Happy/positive-affect lexical family.,high,
f39358,7,91231, feliz,' feliz',0.22454841,general readout examples,semantic_coherent,happy/happy,Happy/positive-affect lexical family.,high,
f39358,8,95433, happiest,' happiest',0.22340761,general readout examples,semantic_coherent,happy/happy,Happy/positive-affect lexical family.,high,
f39358,9,41934, happier,' happier',0.22009121,general readout examples,semantic_coherent,happy/happy,Happy/positive-affect lexical family.,high,
f39358,10,197781, heureux,' heureux',0.21858257,general readout examples,semantic_coherent,happy/happy,Happy/positive-affect lexical family.,high,
f39358,11,185468, счастли,' счастли',0.21571758,general readout examples,semantic_coherent,happy/happy,Happy/positive-affect lexical family.,high,
f39358,12,22292, happiness,' happiness',0.20361888,general readout examples,semantic_coherent,happy/happy,Happy/positive-affect lexical family.,high,
f39358,13,212384, felice,' felice',0.18043321,general readout examples,semantic_coherent,happy/happy,Happy/positive-affect lexical family.,high,
f39358,14,83781, HAPP,' HAPP',0.16870227,general readout examples,semantic_coherent,happy/happy,Happy/positive-affect lexical family.,high,
f39358,15,17892, pleased,' pleased',0.15083359,general readout examples,semantic_coherent,happy/happy,Happy/positive-affect lexical family.,high,
f39358,16,224350, glücklich,' glücklich',0.13950293,general readout examples,semantic_coherent,happy/happy,Happy/positive-affect lexical family.,high,
f39358,17,162252, 행복,' 행복',0.13274816,general readout examples,semantic_coherent,happy/happy,Happy/positive-affect lexical family.,high,
f39358,18,32847, delighted,' delighted',0.13242061,general readout examples,semantic_coherent,happy/happy,Happy/positive-affect lexical family.,high,
f39358,19,79278, joyful,' joyful',0.13105316,general readout examples,semantic_coherent,happy/happy,Happy/positive-affect lexical family.,high,
f39358,20,218365, 행복한,' 행복한',0.12634735,general readout examples,semantic_coherent,happy/happy,Happy/positive-affect lexical family.,high,
f40106,1,421, that,' that',0.36628670,additional bark/bass margins,token_form_artifact,that/the/and,Common determiner/conjunction/function-word feature centered on that/the/and.,high,token-form artifact
f40106,2,279, the,' the',0.31608418,additional bark/bass margins,token_form_artifact,that/the/and,Common determiner/conjunction/function-word feature centered on that/the/and.,high,token-form artifact
f40106,3,321, and,' and',0.29261234,additional bark/bass margins,token_form_artifact,that/the/and,Common determiner/conjunction/function-word feature centered on that/the/and.,high,token-form artifact
f40106,4,61204,\tthat,'\tthat',0.28349927,additional bark/bass margins,token_form_artifact,that/the/and,Common determiner/conjunction/function-word feature centered on that/the/and.,high,token-form artifact
f40106,5,264, a,' a',0.27420655,additional bark/bass margins,token_form_artifact,that/the/and,Common determiner/conjunction/function-word feature centered on that/the/and.,high,token-form artifact
f40106,6,303, in,' in',0.26419151,additional bark/bass margins,token_form_artifact,that/the/and,Common determiner/conjunction/function-word feature centered on that/the/and.,high,token-form artifact
f40106,7,369, is,' is',0.26197797,additional bark/bass margins,token_form_artifact,that/the/and,Common determiner/conjunction/function-word feature centered on that/the/and.,high,token-form artifact
f40106,8,694, but,' but',0.25556099,additional bark/bass margins,token_form_artifact,that/the/and,Common determiner/conjunction/function-word feature centered on that/the/and.,high,token-form artifact
f40106,9,364, for,' for',0.25144488,additional bark/bass margins,token_form_artifact,that/the/and,Common determiner/conjunction/function-word feature centered on that/the/and.,high,token-form artifact
f40106,10,310, to,' to',0.25054693,additional bark/bass margins,token_form_artifact,that/the/and,Common determiner/conjunction/function-word feature centered on that/the/and.,high,token-form artifact
f40106,11,440, with,' with',0.24974030,additional bark/bass margins,token_form_artifact,that/the/and,Common determiner/conjunction/function-word feature centered on that/the/and.,high,token-form artifact
f40106,12,1496, high,' high',0.24926424,additional bark/bass margins,token_form_artifact,that/the/and,Common determiner/conjunction/function-word feature centered on that/the/and.,high,token-form artifact
f40106,13,1330, two,' two',0.24892685,additional bark/bass margins,token_form_artifact,that/the/and,Common determiner/conjunction/function-word feature centered on that/the/and.,high,token-form artifact
f40106,14,628, can,' can',0.24758211,additional bark/bass margins,token_form_artifact,that/the/and,Common determiner/conjunction/function-word feature centered on that/the/and.,high,token-form artifact
f40106,15,383, on,' on',0.24722061,additional bark/bass margins,token_form_artifact,that/the/and,Common determiner/conjunction/function-word feature centered on that/the/and.,high,token-form artifact
f40106,16,449, an,' an',0.24652404,additional bark/bass margins,token_form_artifact,that/the/and,Common determiner/conjunction/function-word feature centered on that/the/and.,high,token-form artifact
f40106,17,567, we,' we',0.24472779,additional bark/bass margins,token_form_artifact,that/the/and,Common determiner/conjunction/function-word feature centered on that/the/and.,high,token-form artifact
f40106,18,660, all,' all',0.24455383,additional bark/bass margins,token_form_artifact,that/the/and,Common determiner/conjunction/function-word feature centered on that/the/and.,high,token-form artifact
f40106,19,2844, That,' That',0.24429986,additional bark/bass margins,token_form_artifact,that/the/and,Common determiner/conjunction/function-word feature centered on that/the/and.,high,token-form artifact
f40106,20,494, from,' from',0.24417686,additional bark/bass margins,token_form_artifact,that/the/and,Common determiner/conjunction/function-word feature centered on that/the/and.,high,token-form artifact
f41099,1,101698,红色,'红色',0.56535798,general readout examples,semantic_coherent,red/Red/红色,Red color family with multilingual and case variants.,high,
f41099,2,117904,紅色,'紅色',0.48283893,general readout examples,semantic_coherent,red/Red/红色,Red color family with multilingual and case variants.,high,
f41099,3,112198,红色的,'红色的',0.43911147,general readout examples,semantic_coherent,red/Red/红色,Red color family with multilingual and case variants.,high,
f41099,4,2438, red,' red',0.36101693,general readout examples,semantic_coherent,red/Red/红色,Red color family with multilingual and case variants.,high,
f41099,5,206375, красный,' красный',0.30615282,general readout examples,semantic_coherent,red/Red/红色,Red color family with multilingual and case variants.,high,
f41099,6,30559,-red,'-red',0.30294120,general readout examples,semantic_coherent,red/Red/红色,Red color family with multilingual and case variants.,high,
f41099,7,5844,Red,'Red',0.29825366,general readout examples,semantic_coherent,red/Red/红色,Red color family with multilingual and case variants.,high,
f41099,8,25225,_red,'_red',0.29623520,general readout examples,semantic_coherent,red/Red/红色,Red color family with multilingual and case variants.,high,
f41099,9,3605, Red,' Red',0.29193294,general readout examples,semantic_coherent,red/Red/红色,Red color family with multilingual and case variants.,high,
f41099,10,1114,red,'red',0.28215158,general readout examples,semantic_coherent,red/Red/红色,Red color family with multilingual and case variants.,high,
f41099,11,24988, RED,' RED',0.26681089,general readout examples,semantic_coherent,red/Red/红色,Red color family with multilingual and case variants.,high,
f41099,12,16825,.red,'.red',0.26368588,general readout examples,semantic_coherent,red/Red/红色,Red color family with multilingual and case variants.,high,
f41099,13,102896,紅,'紅',0.26318938,general readout examples,semantic_coherent,red/Red/红色,Red color family with multilingual and case variants.,high,
f41099,14,233776, красного,' красного',0.26277316,general readout examples,semantic_coherent,red/Red/红色,Red color family with multilingual and case variants.,high,
f41099,15,75235,/red,'/red',0.25904351,general readout examples,semantic_coherent,red/Red/红色,Red color family with multilingual and case variants.,high,
f41099,16,34808,(red,'(red',0.25630623,general readout examples,semantic_coherent,red/Red/红色,Red color family with multilingual and case variants.,high,
f41099,17,96469,红,'红',0.25118637,general readout examples,semantic_coherent,red/Red/红色,Red color family with multilingual and case variants.,high,
f41099,18,81063, rouge,' rouge',0.24647401,general readout examples,semantic_coherent,red/Red/红色,Red color family with multilingual and case variants.,high,
f41099,19,176110, merah,' merah',0.24583943,general readout examples,semantic_coherent,red/Red/红色,Red color family with multilingual and case variants.,high,
f41099,20,171707, đỏ,' đỏ',0.24472459,general readout examples,semantic_coherent,red/Red/红色,Red color family with multilingual and case variants.,high,
f42908,1,80861, percussion,' percussion',0.68741596,additional bark/bass margins,semantic_coherent,percussion/drum,Percussion/drum/rhythm family with some noisy tail tokens.,medium,
f42908,2,49886, Perc,' Perc',0.24488166,additional bark/bass margins,semantic_coherent,percussion/drum,Percussion/drum/rhythm family with some noisy tail tokens.,medium,
f42908,3,46528,perc,'perc',0.20888583,additional bark/bass margins,semantic_coherent,percussion/drum,Percussion/drum/rhythm family with some noisy tail tokens.,medium,
f42908,4,42026, perc,' perc',0.20647313,additional bark/bass margins,semantic_coherent,percussion/drum,Percussion/drum/rhythm family with some noisy tail tokens.,medium,
f42908,5,22472, drum,' drum',0.11472303,additional bark/bass margins,semantic_coherent,percussion/drum,Percussion/drum/rhythm family with some noisy tail tokens.,medium,
f42908,6,65653, drummer,' drummer',0.11422122,additional bark/bass margins,semantic_coherent,percussion/drum,Percussion/drum/rhythm family with some noisy tail tokens.,medium,
f42908,7,44747, drums,' drums',0.10713664,additional bark/bass margins,semantic_coherent,percussion/drum,Percussion/drum/rhythm family with some noisy tail tokens.,medium,
f42908,8,43891, Drum,' Drum',0.10688213,additional bark/bass margins,semantic_coherent,percussion/drum,Percussion/drum/rhythm family with some noisy tail tokens.,medium,
f42908,9,16891,ussion,'ussion',0.10206529,additional bark/bass margins,semantic_coherent,percussion/drum,Percussion/drum/rhythm family with some noisy tail tokens.,medium,
f42908,10,97743,鼓,'鼓',0.08970907,additional bark/bass margins,semantic_coherent,percussion/drum,Percussion/drum/rhythm family with some noisy tail tokens.,medium,
f42908,11,27163, rhyth,' rhyth',0.07414876,additional bark/bass margins,semantic_coherent,percussion/drum,Percussion/drum/rhythm family with some noisy tail tokens.,medium,
f42908,12,108193,叩,'叩',0.07254585,additional bark/bass margins,semantic_coherent,percussion/drum,Percussion/drum/rhythm family with some noisy tail tokens.,medium,
f42908,13,62794,Jonathan,'Jonathan',0.07122891,additional bark/bass margins,semantic_coherent,percussion/drum,Percussion/drum/rhythm family with some noisy tail tokens.,medium,
f42908,14,34553,?family,'?family',0.06924511,additional bark/bass margins,semantic_coherent,percussion/drum,Percussion/drum/rhythm family with some noisy tail tokens.,medium,
f42908,15,187903, Schlag,' Schlag',0.06752294,additional bark/bass margins,semantic_coherent,percussion/drum,Percussion/drum/rhythm family with some noisy tail tokens.,medium,
f42908,16,56602, abras,' abras',0.06707060,additional bark/bass margins,semantic_coherent,percussion/drum,Percussion/drum/rhythm family with some noisy tail tokens.,medium,
f42908,17,136964,敲打,'敲打',0.06646867,additional bark/bass margins,semantic_coherent,percussion/drum,Percussion/drum/rhythm family with some noisy tail tokens.,medium,
f42908,18,52082,abras,'abras',0.06626881,additional bark/bass margins,semantic_coherent,percussion/drum,Percussion/drum/rhythm family with some noisy tail tokens.,medium,
f42908,19,200462, überzeugt,' überzeugt',0.06528373,additional bark/bass margins,semantic_coherent,percussion/drum,Percussion/drum/rhythm family with some noisy tail tokens.,medium,
f42908,20,34573, punk,' punk',0.06485172,additional bark/bass margins,semantic_coherent,percussion/drum,Percussion/drum/rhythm family with some noisy tail tokens.,medium,
f43419,1,48645, Crash,' Crash',0.64640671,main bug panels; fixed-token context panels,semantic_coherent,Crash/crash/crashes; Crash/crash,Crash/bug/panic software-failure family.,high,
f43419,2,9626, crash,' crash',0.40723088,main bug panels; fixed-token context panels,semantic_coherent,Crash/crash/crashes; Crash/crash,Crash/bug/panic software-failure family.,high,
f43419,3,34942, crashes,' crashes',0.26165932,main bug panels; fixed-token context panels,semantic_coherent,Crash/crash/crashes; Crash/crash,Crash/bug/panic software-failure family.,high,
f43419,4,32635, crashed,' crashed',0.21575649,main bug panels; fixed-token context panels,semantic_coherent,Crash/crash/crashes; Crash/crash,Crash/bug/panic software-failure family.,high,
f43419,5,43957, crashing,' crashing',0.15671276,main bug panels; fixed-token context panels,semantic_coherent,Crash/crash/crashes; Crash/crash,Crash/bug/panic software-failure family.,high,
f43419,6,45209,Bug,'Bug',0.12611671,main bug panels; fixed-token context panels,semantic_coherent,Crash/crash/crashes; Crash/crash,Crash/bug/panic software-failure family.,high,
f43419,7,29505, Bug,' Bug',0.12123702,main bug panels; fixed-token context panels,semantic_coherent,Crash/crash/crashes; Crash/crash,Crash/bug/panic software-failure family.,high,
f43419,8,203684,rash,'rash',0.11439842,main bug panels; fixed-token context panels,semantic_coherent,Crash/crash/crashes; Crash/crash,Crash/bug/panic software-failure family.,high,
f43419,9,9584, bug,' bug',0.10995747,main bug panels; fixed-token context panels,semantic_coherent,Crash/crash/crashes; Crash/crash,Crash/bug/panic software-failure family.,high,
f43419,10,21851, bugs,' bugs',0.09057318,main bug panels; fixed-token context panels,semantic_coherent,Crash/crash/crashes; Crash/crash,Crash/bug/panic software-failure family.,high,
f43419,11,80853, Panic,' Panic',0.08873107,main bug panels; fixed-token context panels,semantic_coherent,Crash/crash/crashes; Crash/crash,Crash/bug/panic software-failure family.,high,
f43419,12,70742,_bug,'_bug',0.08760105,main bug panels; fixed-token context panels,semantic_coherent,Crash/crash/crashes; Crash/crash,Crash/bug/panic software-failure family.,high,
f43419,13,83512, Bugs,' Bugs',0.08700216,main bug panels; fixed-token context panels,semantic_coherent,Crash/crash/crashes; Crash/crash,Crash/bug/panic software-failure family.,high,
f43419,14,2238,bug,'bug',0.08349645,main bug panels; fixed-token context panels,semantic_coherent,Crash/crash/crashes; Crash/crash,Crash/bug/panic software-failure family.,high,
f43419,15,66216, BUG,' BUG',0.08074902,main bug panels; fixed-token context panels,semantic_coherent,Crash/crash/crashes; Crash/crash,Crash/bug/panic software-failure family.,high,
f43419,16,159500,สาย,'สาย',0.07834677,main bug panels; fixed-token context panels,semantic_coherent,Crash/crash/crashes; Crash/crash,Crash/bug/panic software-failure family.,high,
f43419,17,42754, cass,' cass',0.06986797,main bug panels; fixed-token context panels,semantic_coherent,Crash/crash/crashes; Crash/crash,Crash/bug/panic software-failure family.,high,
f43419,18,122513,地质灾害,'地质灾害',0.06950459,main bug panels; fixed-token context panels,semantic_coherent,Crash/crash/crashes; Crash/crash,Crash/bug/panic software-failure family.,high,
f43419,19,18505,panic,'panic',0.06811093,main bug panels; fixed-token context panels,semantic_coherent,Crash/crash/crashes; Crash/crash,Crash/bug/panic software-failure family.,high,
f43419,20,82768, slump,' slump',0.06705944,main bug panels; fixed-token context panels,semantic_coherent,Crash/crash/crashes; Crash/crash,Crash/bug/panic software-failure family.,high,
f44118,1,76981, trout,' trout',0.67735112,additional bark/bass margins,semantic_coherent,trout/salmon/fish,Fish/trout/salmon family.,high,
f44118,2,84521, Trout,' Trout',0.29647249,additional bark/bass margins,semantic_coherent,trout/salmon/fish,Fish/trout/salmon family.,high,
f44118,3,38984, salmon,' salmon',0.17242979,additional bark/bass margins,semantic_coherent,trout/salmon/fish,Fish/trout/salmon family.,high,
f44118,4,59643, Salmon,' Salmon',0.14117128,additional bark/bass margins,semantic_coherent,trout/salmon/fish,Fish/trout/salmon family.,high,
f44118,5,199123, рыбы,' рыбы',0.10448026,additional bark/bass margins,semantic_coherent,trout/salmon/fish,Fish/trout/salmon family.,high,
f44118,6,7397, fish,' fish',0.09399626,additional bark/bass margins,semantic_coherent,trout/salmon/fish,Fish/trout/salmon family.,high,
f44118,7,71441, tuna,' tuna',0.09360634,additional bark/bass margins,semantic_coherent,trout/salmon/fish,Fish/trout/salmon family.,high,
f44118,8,231573, щу,' щу',0.09119470,additional bark/bass margins,semantic_coherent,trout/salmon/fish,Fish/trout/salmon family.,high,
f44118,9,117500,鱼的,'鱼的',0.08990561,additional bark/bass margins,semantic_coherent,trout/salmon/fish,Fish/trout/salmon family.,high,
f44118,10,118218,鱼类,'鱼类',0.08982657,additional bark/bass margins,semantic_coherent,trout/salmon/fish,Fish/trout/salmon family.,high,
f44118,11,205471, рыб,' рыб',0.08641317,additional bark/bass margins,semantic_coherent,trout/salmon/fish,Fish/trout/salmon family.,high,
f44118,12,90188, Fisheries,' Fisheries',0.08594662,additional bark/bass margins,semantic_coherent,trout/salmon/fish,Fish/trout/salmon family.,high,
f44118,13,53447, angl,' angl',0.08384302,additional bark/bass margins,semantic_coherent,trout/salmon/fish,Fish/trout/salmon family.,high,
f44118,14,107678,魚,'魚',0.08272622,additional bark/bass margins,semantic_coherent,trout/salmon/fish,Fish/trout/salmon family.,high,
f44118,15,100352,<empty>,'�',0.08203737,additional bark/bass margins,semantic_coherent,trout/salmon/fish,Fish/trout/salmon family.,high,
f44118,16,16120, Fish,' Fish',0.07826502,additional bark/bass margins,semantic_coherent,trout/salmon/fish,Fish/trout/salmon family.,high,
f44118,17,97255,鱼,'鱼',0.07788015,additional bark/bass margins,semantic_coherent,trout/salmon/fish,Fish/trout/salmon family.,high,
f44118,18,58398, sharks,' sharks',0.07641813,additional bark/bass margins,semantic_coherent,trout/salmon/fish,Fish/trout/salmon family.,high,
f44118,19,62360,Fish,'Fish',0.07506436,additional bark/bass margins,semantic_coherent,trout/salmon/fish,Fish/trout/salmon family.,high,
f44118,20,228257,FIL,'FIL',0.07390358,additional bark/bass margins,semantic_coherent,trout/salmon/fish,Fish/trout/salmon family.,high,
f44301,1,113184,管的,'管的',0.59890294,technical context stress,semantic_coherent,tube/tubes,"Pipe/tube plumbing family, Chinese-dominant with tube variants.",high,
f44301,2,142126,管和,'管和',0.43789822,technical context stress,semantic_coherent,tube/tubes,"Pipe/tube plumbing family, Chinese-dominant with tube variants.",high,
f44301,3,95989,管,'管',0.39893746,technical context stress,semantic_coherent,tube/tubes,"Pipe/tube plumbing family, Chinese-dominant with tube variants.",high,
f44301,4,13311, tube,' tube',0.26323479,technical context stress,semantic_coherent,tube/tubes,"Pipe/tube plumbing family, Chinese-dominant with tube variants.",high,
f44301,5,107321,管所,'管所',0.25531927,technical context stress,semantic_coherent,tube/tubes,"Pipe/tube plumbing family, Chinese-dominant with tube variants.",high,
f44301,6,31890, tubes,' tubes',0.25081468,technical context stress,semantic_coherent,tube/tubes,"Pipe/tube plumbing family, Chinese-dominant with tube variants.",high,
f44301,7,28077, Tube,' Tube',0.22507407,technical context stress,semantic_coherent,tube/tubes,"Pipe/tube plumbing family, Chinese-dominant with tube variants.",high,
f44301,8,71231,tube,'tube',0.22486903,technical context stress,semantic_coherent,tube/tubes,"Pipe/tube plumbing family, Chinese-dominant with tube variants.",high,
f44301,9,91111, Tubes,' Tubes',0.20236710,technical context stress,semantic_coherent,tube/tubes,"Pipe/tube plumbing family, Chinese-dominant with tube variants.",high,
f44301,10,133472,管内,'管内',0.20139647,technical context stress,semantic_coherent,tube/tubes,"Pipe/tube plumbing family, Chinese-dominant with tube variants.",high,
f44301,11,138813,管用,'管用',0.20021184,technical context stress,semantic_coherent,tube/tubes,"Pipe/tube plumbing family, Chinese-dominant with tube variants.",high,
f44301,12,133350,管子,'管子',0.19395597,technical context stress,semantic_coherent,tube/tubes,"Pipe/tube plumbing family, Chinese-dominant with tube variants.",high,
f44301,13,141474,管好,'管好',0.17710228,technical context stress,semantic_coherent,tube/tubes,"Pipe/tube plumbing family, Chinese-dominant with tube variants.",high,
f44301,14,11512,Tube,'Tube',0.17049515,technical context stress,semantic_coherent,tube/tubes,"Pipe/tube plumbing family, Chinese-dominant with tube variants.",high,
f44301,15,140323,管员,'管员',0.15828352,technical context stress,semantic_coherent,tube/tubes,"Pipe/tube plumbing family, Chinese-dominant with tube variants.",high,
f44301,16,121609,管局,'管局',0.14021030,technical context stress,semantic_coherent,tube/tubes,"Pipe/tube plumbing family, Chinese-dominant with tube variants.",high,
f44301,17,122085,管材,'管材',0.13630629,technical context stress,semantic_coherent,tube/tubes,"Pipe/tube plumbing family, Chinese-dominant with tube variants.",high,
f44301,18,131585,管教,'管教',0.13003516,technical context stress,semantic_coherent,tube/tubes,"Pipe/tube plumbing family, Chinese-dominant with tube variants.",high,
f44301,19,198515, tubo,' tubo',0.12998350,technical context stress,semantic_coherent,tube/tubes,"Pipe/tube plumbing family, Chinese-dominant with tube variants.",high,
f44301,20,105395,管制,'管制',0.12582320,technical context stress,semantic_coherent,tube/tubes,"Pipe/tube plumbing family, Chinese-dominant with tube variants.",high,
f46269,1,54018, BLUE,' BLUE',0.61916703,general readout examples,nonsemantic_or_ambiguous,BLUE,Uppercase BLUE/blue color surface family with capitalization emphasis and some other-color spillover.,medium,navigation-only in audit
f46269,2,62158,BLUE,'BLUE',0.42198777,general readout examples,nonsemantic_or_ambiguous,BLUE,Uppercase BLUE/blue color surface family with capitalization emphasis and some other-color spillover.,medium,navigation-only in audit
f46269,3,8432, Blue,' Blue',0.25346670,general readout examples,nonsemantic_or_ambiguous,BLUE,Uppercase BLUE/blue color surface family with capitalization emphasis and some other-color spillover.,medium,navigation-only in audit
f46269,4,10025,Blue,'Blue',0.25266024,general readout examples,nonsemantic_or_ambiguous,BLUE,Uppercase BLUE/blue color surface family with capitalization emphasis and some other-color spillover.,medium,navigation-only in audit
f46269,5,11855,blue,'blue',0.22163922,general readout examples,nonsemantic_or_ambiguous,BLUE,Uppercase BLUE/blue color surface family with capitalization emphasis and some other-color spillover.,medium,navigation-only in audit
f46269,6,51671,_BLUE,'_BLUE',0.20961913,general readout examples,nonsemantic_or_ambiguous,BLUE,Uppercase BLUE/blue color surface family with capitalization emphasis and some other-color spillover.,medium,navigation-only in audit
f46269,7,6105, blue,' blue',0.20350866,general readout examples,nonsemantic_or_ambiguous,BLUE,Uppercase BLUE/blue color surface family with capitalization emphasis and some other-color spillover.,medium,navigation-only in audit
f46269,8,93850,_Blue,'_Blue',0.19405952,general readout examples,nonsemantic_or_ambiguous,BLUE,Uppercase BLUE/blue color surface family with capitalization emphasis and some other-color spillover.,medium,navigation-only in audit
f46269,9,30615,-blue,'-blue',0.18222587,general readout examples,nonsemantic_or_ambiguous,BLUE,Uppercase BLUE/blue color surface family with capitalization emphasis and some other-color spillover.,medium,navigation-only in audit
f46269,10,94538,/blue,'/blue',0.18016507,general readout examples,nonsemantic_or_ambiguous,BLUE,Uppercase BLUE/blue color surface family with capitalization emphasis and some other-color spillover.,medium,navigation-only in audit
f46269,11,33833,_blue,'_blue',0.15687113,general readout examples,nonsemantic_or_ambiguous,BLUE,Uppercase BLUE/blue color surface family with capitalization emphasis and some other-color spillover.,medium,navigation-only in audit
f46269,12,116981,蓝色的,'蓝色的',0.15647021,general readout examples,nonsemantic_or_ambiguous,BLUE,Uppercase BLUE/blue color surface family with capitalization emphasis and some other-color spillover.,medium,navigation-only in audit
f46269,13,58131,.Blue,'.Blue',0.14962400,general readout examples,nonsemantic_or_ambiguous,BLUE,Uppercase BLUE/blue color surface family with capitalization emphasis and some other-color spillover.,medium,navigation-only in audit
f46269,14,104145,蓝色,'蓝色',0.14870389,general readout examples,nonsemantic_or_ambiguous,BLUE,Uppercase BLUE/blue color surface family with capitalization emphasis and some other-color spillover.,medium,navigation-only in audit
f46269,15,187461,ブルー,'ブルー',0.14357382,general readout examples,nonsemantic_or_ambiguous,BLUE,Uppercase BLUE/blue color surface family with capitalization emphasis and some other-color spillover.,medium,navigation-only in audit
f46269,16,26121,.blue,'.blue',0.14267810,general readout examples,nonsemantic_or_ambiguous,BLUE,Uppercase BLUE/blue color surface family with capitalization emphasis and some other-color spillover.,medium,navigation-only in audit
f46269,17,93684,YELLOW,'YELLOW',0.12434946,general readout examples,nonsemantic_or_ambiguous,BLUE,Uppercase BLUE/blue color surface family with capitalization emphasis and some other-color spillover.,medium,navigation-only in audit
f46269,18,128178,藍色,'藍色',0.12334152,general readout examples,nonsemantic_or_ambiguous,BLUE,Uppercase BLUE/blue color surface family with capitalization emphasis and some other-color spillover.,medium,navigation-only in audit
f46269,19,226932, синий,' синий',0.11161424,general readout examples,nonsemantic_or_ambiguous,BLUE,Uppercase BLUE/blue color surface family with capitalization emphasis and some other-color spillover.,medium,navigation-only in audit
f46269,20,78473, YELLOW,' YELLOW',0.10903978,general readout examples,nonsemantic_or_ambiguous,BLUE,Uppercase BLUE/blue color surface family with capitalization emphasis and some other-color spillover.,medium,navigation-only in audit
f46953,1,279, the,' the',0.38081455,general readout examples,token_form_artifact,the/an/a,Articles and single-letter surface-form feature centered on the/an/a plus letters.,high,token-form artifact
f46953,2,449, an,' an',0.35623914,general readout examples,token_form_artifact,the/an/a,Articles and single-letter surface-form feature centered on the/an/a plus letters.,high,token-form artifact
f46953,3,264, a,' a',0.34773296,general readout examples,token_form_artifact,the/an/a,Articles and single-letter surface-form feature centered on the/an/a plus letters.,high,token-form artifact
f46953,4,280, p,' p',0.29415393,general readout examples,token_form_artifact,the/an/a,Articles and single-letter surface-form feature centered on the/an/a plus letters.,high,token-form artifact
f46953,5,295, m,' m',0.29013675,general readout examples,token_form_artifact,the/an/a,Articles and single-letter surface-form feature centered on the/an/a plus letters.,high,token-form artifact
f46953,6,292, b,' b',0.28435147,general readout examples,token_form_artifact,the/an/a,Articles and single-letter surface-form feature centered on the/an/a plus letters.,high,token-form artifact
f46953,7,338, g,' g',0.25926733,general readout examples,token_form_artifact,the/an/a,Articles and single-letter surface-form feature centered on the/an/a plus letters.,high,token-form artifact
f46953,8,380, M,' M',0.25797933,general readout examples,token_form_artifact,the/an/a,Articles and single-letter surface-form feature centered on the/an/a plus letters.,high,token-form artifact
f46953,9,660, all,' all',0.25732416,general readout examples,token_form_artifact,the/an/a,Articles and single-letter surface-form feature centered on the/an/a plus letters.,high,token-form artifact
f46953,10,506, at,' at',0.25149757,general readout examples,token_form_artifact,the/an/a,Articles and single-letter surface-form feature centered on the/an/a plus letters.,high,token-form artifact
f46953,11,259, t,' t',0.25102931,general readout examples,token_form_artifact,the/an/a,Articles and single-letter surface-form feature centered on the/an/a plus letters.,high,token-form artifact
f46953,12,492, j,' j',0.24710239,general readout examples,token_form_artifact,the/an/a,Articles and single-letter surface-form feature centered on the/an/a plus letters.,high,token-form artifact
f46953,13,324, l,' l',0.24282564,general readout examples,token_form_artifact,the/an/a,Articles and single-letter surface-form feature centered on the/an/a plus letters.,high,token-form artifact
f46953,14,293, d,' d',0.24237095,general readout examples,token_form_artifact,the/an/a,Articles and single-letter surface-form feature centered on the/an/a plus letters.,high,token-form artifact
f46953,15,710, K,' K',0.23584343,general readout examples,token_form_artifact,the/an/a,Articles and single-letter surface-form feature centered on the/an/a plus letters.,high,token-form artifact
f46953,16,580, k,' k',0.23499225,general readout examples,token_form_artifact,the/an/a,Articles and single-letter surface-form feature centered on the/an/a plus letters.,high,token-form artifact
f46953,17,383, on,' on',0.23487251,general readout examples,token_form_artifact,the/an/a,Articles and single-letter surface-form feature centered on the/an/a plus letters.,high,token-form artifact
f46953,18,469, G,' G',0.23329134,general readout examples,token_form_artifact,the/an/a,Articles and single-letter surface-form feature centered on the/an/a plus letters.,high,token-form artifact
f46953,19,274, s,' s',0.22994278,general readout examples,token_form_artifact,the/an/a,Articles and single-letter surface-form feature centered on the/an/a plus letters.,high,token-form artifact
f46953,20,387, P,' P',0.22955473,general readout examples,token_form_artifact,the/an/a,Articles and single-letter surface-form feature centered on the/an/a plus letters.,high,token-form artifact
f47071,1,524, not,' not',0.51816517,general readout examples,semantic_coherent,not/Not,Negation family with not/Not/NOT and multilingual negation variants.,high,
f47071,2,1856,not,'not',0.44909611,general readout examples,semantic_coherent,not/Not,Negation family with not/Not/NOT and multilingual negation variants.,high,
f47071,3,2717, Not,' Not',0.43752247,general readout examples,semantic_coherent,not/Not,Negation family with not/Not/NOT and multilingual negation variants.,high,
f47071,4,2536,Not,'Not',0.42578161,general readout examples,semantic_coherent,not/Not,Negation family with not/Not/NOT and multilingual negation variants.,high,
f47071,5,7663,_not,'_not',0.40926570,general readout examples,semantic_coherent,not/Not,Negation family with not/Not/NOT and multilingual negation variants.,high,
f47071,6,93912,\tnot,'\tnot',0.39592797,general readout examples,semantic_coherent,not/Not,Negation family with not/Not/NOT and multilingual negation variants.,high,
f47071,7,4045, NOT,' NOT',0.38192883,general readout examples,semantic_coherent,not/Not,Negation family with not/Not/NOT and multilingual negation variants.,high,
f47071,8,28215,-not,'-not',0.36161175,general readout examples,semantic_coherent,not/Not,Negation family with not/Not/NOT and multilingual negation variants.,high,
f47071,9,11632,.not,'.not',0.33455423,general readout examples,semantic_coherent,not/Not,Negation family with not/Not/NOT and multilingual negation variants.,high,
f47071,10,23989,(not,'(not',0.31984675,general readout examples,semantic_coherent,not/Not,Negation family with not/Not/NOT and multilingual negation variants.,high,
f47071,11,8896,_NOT,'_NOT',0.31390879,general readout examples,semantic_coherent,not/Not,Negation family with not/Not/NOT and multilingual negation variants.,high,
f47071,12,202124, όχι,' όχι',0.29811355,general readout examples,semantic_coherent,not/Not,Negation family with not/Not/NOT and multilingual negation variants.,high,
f47071,13,13662,NOT,'NOT',0.29642832,general readout examples,semantic_coherent,not/Not,Negation family with not/Not/NOT and multilingual negation variants.,high,
f47071,14,159248, bukan,' bukan',0.27443206,general readout examples,semantic_coherent,not/Not,Negation family with not/Not/NOT and multilingual negation variants.,high,
f47071,15,96718,不是,'不是',0.26304635,general readout examples,semantic_coherent,not/Not,Negation family with not/Not/NOT and multilingual negation variants.,high,
f47071,16,14566,.Not,'.Not',0.25087777,general readout examples,semantic_coherent,not/Not,Negation family with not/Not/NOT and multilingual negation variants.,high,
f47071,17,172569, ليس,' ليس',0.24955231,general readout examples,semantic_coherent,not/Not,Negation family with not/Not/NOT and multilingual negation variants.,high,
f47071,18,60337,/not,'/not',0.24602219,general readout examples,semantic_coherent,not/Not,Negation family with not/Not/NOT and multilingual negation variants.,high,
f47071,19,177135,ไม่ใช่,'ไม่ใช่',0.23967510,general readout examples,semantic_coherent,not/Not,Negation family with not/Not/NOT and multilingual negation variants.,high,
f47071,20,58767,_Not,'_Not',0.23645231,general readout examples,semantic_coherent,not/Not,Negation family with not/Not/NOT and multilingual negation variants.,high,
f47092,1,1716, check,' check',0.51851374,verify/assume DLA,semantic_coherent,check,"Check/checking family with case, punctuation, and multilingual variants.",high,
f47092,2,1960,check,'check',0.47191486,verify/assume DLA,semantic_coherent,check,"Check/checking family with case, punctuation, and multilingual variants.",high,
f47092,3,4109, Check,' Check',0.44777995,verify/assume DLA,semantic_coherent,check,"Check/checking family with case, punctuation, and multilingual variants.",high,
f47092,4,3840,Check,'Check',0.44738987,verify/assume DLA,semantic_coherent,check,"Check/checking family with case, punctuation, and multilingual variants.",high,
f47092,5,6974,_check,'_check',0.42915159,verify/assume DLA,semantic_coherent,check,"Check/checking family with case, punctuation, and multilingual variants.",high,
f47092,6,11988, checks,' checks',0.41611767,verify/assume DLA,semantic_coherent,check,"Check/checking family with case, punctuation, and multilingual variants.",high,
f47092,7,24359,\tcheck,'\tcheck',0.40799817,verify/assume DLA,semantic_coherent,check,"Check/checking family with case, punctuation, and multilingual variants.",high,
f47092,8,8820,.check,'.check',0.39177066,verify/assume DLA,semantic_coherent,check,"Check/checking family with case, punctuation, and multilingual variants.",high,
f47092,9,15464,-check,'-check',0.39012897,verify/assume DLA,semantic_coherent,check,"Check/checking family with case, punctuation, and multilingual variants.",high,
f47092,10,97552,检查,'检查',0.38864580,verify/assume DLA,semantic_coherent,check,"Check/checking family with case, punctuation, and multilingual variants.",high,
f47092,11,12910, checking,' checking',0.38783193,verify/assume DLA,semantic_coherent,check,"Check/checking family with case, punctuation, and multilingual variants.",high,
f47092,12,9770, checked,' checked',0.38346896,verify/assume DLA,semantic_coherent,check,"Check/checking family with case, punctuation, and multilingual variants.",high,
f47092,13,13251, CHECK,' CHECK',0.38019228,verify/assume DLA,semantic_coherent,check,"Check/checking family with case, punctuation, and multilingual variants.",high,
f47092,14,111727,檢查,'檢查',0.37869525,verify/assume DLA,semantic_coherent,check,"Check/checking family with case, punctuation, and multilingual variants.",high,
f47092,15,23323,(check,'(check',0.37222543,verify/assume DLA,semantic_coherent,check,"Check/checking family with case, punctuation, and multilingual variants.",high,
f47092,16,24056, Checks,' Checks',0.36044326,verify/assume DLA,semantic_coherent,check,"Check/checking family with case, punctuation, and multilingual variants.",high,
f47092,17,45061,/check,'/check',0.34811252,verify/assume DLA,semantic_coherent,check,"Check/checking family with case, punctuation, and multilingual variants.",high,
f47092,18,55914,checking,'checking',0.34265804,verify/assume DLA,semantic_coherent,check,"Check/checking family with case, punctuation, and multilingual variants.",high,
f47092,19,44555, Checking,' Checking',0.33768564,verify/assume DLA,semantic_coherent,check,"Check/checking family with case, punctuation, and multilingual variants.",high,
f47092,20,33371,CHECK,'CHECK',0.33653173,verify/assume DLA,semantic_coherent,check,"Check/checking family with case, punctuation, and multilingual variants.",high,
f47974,1,99211,记忆,'记忆',0.55817723,technical context stress,semantic_coherent,Memory/memory/memories,Human-memory/remembered-memory family across languages.,high,
f47974,2,105958,記憶,'記憶',0.39119202,technical context stress,semantic_coherent,Memory/memory/memories,Human-memory/remembered-memory family across languages.,high,
f47974,3,121258,的记忆,'的记忆',0.38257983,technical context stress,semantic_coherent,Memory/memory/memories,Human-memory/remembered-memory family across languages.,high,
f47974,4,141010,记忆的,'记忆的',0.36464426,technical context stress,semantic_coherent,Memory/memory/memories,Human-memory/remembered-memory family across languages.,high,
f47974,5,134578,记忆中,'记忆中',0.34111929,technical context stress,semantic_coherent,Memory/memory/memories,Human-memory/remembered-memory family across languages.,high,
f47974,6,13453, Memory,' Memory',0.30982992,technical context stress,semantic_coherent,Memory/memory/memories,Human-memory/remembered-memory family across languages.,high,
f47974,7,4779, memory,' memory',0.30868867,technical context stress,semantic_coherent,Memory/memory/memories,Human-memory/remembered-memory family across languages.,high,
f47974,8,146344,记忆里,'记忆里',0.30316305,technical context stress,semantic_coherent,Memory/memory/memories,Human-memory/remembered-memory family across languages.,high,
f47974,9,179801, 기억,' 기억',0.28010446,technical context stress,semantic_coherent,Memory/memory/memories,Human-memory/remembered-memory family across languages.,high,
f47974,10,10327,Memory,'Memory',0.27521005,technical context stress,semantic_coherent,Memory/memory/memories,Human-memory/remembered-memory family across languages.,high,
f47974,11,16759,memory,'memory',0.25806642,technical context stress,semantic_coherent,Memory/memory/memories,Human-memory/remembered-memory family across languages.,high,
f47974,12,18352, memories,' memories',0.24568623,technical context stress,semantic_coherent,Memory/memory/memories,Human-memory/remembered-memory family across languages.,high,
f47974,13,189756, память,' память',0.24392778,technical context stress,semantic_coherent,Memory/memory/memories,Human-memory/remembered-memory family across languages.,high,
f47974,14,195514, memória,' memória',0.23187697,technical context stress,semantic_coherent,Memory/memory/memories,Human-memory/remembered-memory family across languages.,high,
f47974,15,179854, памяти,' памяти',0.22505507,technical context stress,semantic_coherent,Memory/memory/memories,Human-memory/remembered-memory family across languages.,high,
f47974,16,78170, MEMORY,' MEMORY',0.22129729,technical context stress,semantic_coherent,Memory/memory/memories,Human-memory/remembered-memory family across languages.,high,
f47974,17,121901,记忆力,'记忆力',0.21661642,technical context stress,semantic_coherent,Memory/memory/memories,Human-memory/remembered-memory family across languages.,high,
f47974,18,61932,-memory,'-memory',0.21194425,technical context stress,semantic_coherent,Memory/memory/memories,Human-memory/remembered-memory family across languages.,high,
f47974,19,18615,_memory,'_memory',0.21064472,technical context stress,semantic_coherent,Memory/memory/memories,Human-memory/remembered-memory family across languages.,high,
f47974,20,68906, memoria,' memoria',0.20978519,technical context stress,semantic_coherent,Memory/memory/memories,Human-memory/remembered-memory family across languages.,high,
f49056,1,120817,存储器,'存储器',0.65540040,technical context stress,nonsemantic_or_ambiguous,Memory/memory/Speicher,Computer-memory/storage family; treated cautiously because it is target-token-heavy in the audited panel.,medium,navigation-only in audit
f49056,2,147642,記憶體,'記憶體',0.13753960,technical context stress,nonsemantic_or_ambiguous,Memory/memory/Speicher,Computer-memory/storage family; treated cautiously because it is target-token-heavy in the audited panel.,medium,navigation-only in audit
f49056,3,99580,存储,'存储',0.11785141,technical context stress,nonsemantic_or_ambiguous,Memory/memory/Speicher,Computer-memory/storage family; treated cautiously because it is target-token-heavy in the audited panel.,medium,navigation-only in audit
f49056,4,126900,存储空间,'存储空间',0.10530416,technical context stress,nonsemantic_or_ambiguous,Memory/memory/Speicher,Computer-memory/storage family; treated cautiously because it is target-token-heavy in the audited panel.,medium,navigation-only in audit
f49056,5,13453, Memory,' Memory',0.10056785,technical context stress,nonsemantic_or_ambiguous,Memory/memory/Speicher,Computer-memory/storage family; treated cautiously because it is target-token-heavy in the audited panel.,medium,navigation-only in audit
f49056,6,241456,メモリ,'メモリ',0.09138547,technical context stress,nonsemantic_or_ambiguous,Memory/memory/Speicher,Computer-memory/storage family; treated cautiously because it is target-token-heavy in the audited panel.,medium,navigation-only in audit
f49056,7,4779, memory,' memory',0.09029342,technical context stress,nonsemantic_or_ambiguous,Memory/memory/Speicher,Computer-memory/storage family; treated cautiously because it is target-token-heavy in the audited panel.,medium,navigation-only in audit
f49056,8,138444,存储在,'存储在',0.08903935,technical context stress,nonsemantic_or_ambiguous,Memory/memory/Speicher,Computer-memory/storage family; treated cautiously because it is target-token-heavy in the audited panel.,medium,navigation-only in audit
f49056,9,137722,储值,'储值',0.08382934,technical context stress,nonsemantic_or_ambiguous,Memory/memory/Speicher,Computer-memory/storage family; treated cautiously because it is target-token-heavy in the audited panel.,medium,navigation-only in audit
f49056,10,4578,emory,'emory',0.08368690,technical context stress,nonsemantic_or_ambiguous,Memory/memory/Speicher,Computer-memory/storage family; treated cautiously because it is target-token-heavy in the audited panel.,medium,navigation-only in audit
f49056,11,109787,处理器,'处理器',0.08242597,technical context stress,nonsemantic_or_ambiguous,Memory/memory/Speicher,Computer-memory/storage family; treated cautiously because it is target-token-heavy in the audited panel.,medium,navigation-only in audit
f49056,12,200970, Speicher,' Speicher',0.08196200,technical context stress,nonsemantic_or_ambiguous,Memory/memory/Speicher,Computer-memory/storage family; treated cautiously because it is target-token-heavy in the audited panel.,medium,navigation-only in audit
f49056,13,202543, 메모,' 메모',0.08191535,technical context stress,nonsemantic_or_ambiguous,Memory/memory/Speicher,Computer-memory/storage family; treated cautiously because it is target-token-heavy in the audited panel.,medium,navigation-only in audit
f49056,14,78170, MEMORY,' MEMORY',0.08048956,technical context stress,nonsemantic_or_ambiguous,Memory/memory/Speicher,Computer-memory/storage family; treated cautiously because it is target-token-heavy in the audited panel.,medium,navigation-only in audit
f49056,15,10327,Memory,'Memory',0.07841032,technical context stress,nonsemantic_or_ambiguous,Memory/memory/Speicher,Computer-memory/storage family; treated cautiously because it is target-token-heavy in the audited panel.,medium,navigation-only in audit
f49056,16,108777,内存,'内存',0.07699027,technical context stress,nonsemantic_or_ambiguous,Memory/memory/Speicher,Computer-memory/storage family; treated cautiously because it is target-token-heavy in the audited panel.,medium,navigation-only in audit
f49056,17,61095,(memory,'(memory',0.07591494,technical context stress,nonsemantic_or_ambiguous,Memory/memory/Speicher,Computer-memory/storage family; treated cautiously because it is target-token-heavy in the audited panel.,medium,navigation-only in audit
f49056,18,84677, plunder,' plunder',0.07572500,technical context stress,nonsemantic_or_ambiguous,Memory/memory/Speicher,Computer-memory/storage family; treated cautiously because it is target-token-heavy in the audited panel.,medium,navigation-only in audit
f49056,19,226433, scrittore,' scrittore',0.07549352,technical context stress,nonsemantic_or_ambiguous,Memory/memory/Speicher,Computer-memory/storage family; treated cautiously because it is target-token-heavy in the audited panel.,medium,navigation-only in audit
f49056,20,143390,存储服务,'存储服务',0.07425690,technical context stress,nonsemantic_or_ambiguous,Memory/memory/Speicher,Computer-memory/storage family; treated cautiously because it is target-token-heavy in the audited panel.,medium,navigation-only in audit
f49799,1,16720, vertices,' vertices',0.62637228,technical context stress,semantic_coherent,vertices/vertex,Vertex/vertices graph-structure family.,high,
f49799,2,12657,vertices,'vertices',0.48370522,technical context stress,semantic_coherent,vertices/vertex,Vertex/vertices graph-structure family.,high,
f49799,3,11597, vertex,' vertex',0.44880489,technical context stress,semantic_coherent,vertices/vertex,Vertex/vertices graph-structure family.,high,
f49799,4,30199,Vertices,'Vertices',0.43299177,technical context stress,semantic_coherent,vertices/vertex,Vertex/vertices graph-structure family.,high,
f49799,5,116591,顶点,'顶点',0.42026424,technical context stress,semantic_coherent,vertices/vertex,Vertex/vertices graph-structure family.,high,
f49799,6,22501, Vertex,' Vertex',0.39042410,technical context stress,semantic_coherent,vertices/vertex,Vertex/vertices graph-structure family.,high,
f49799,7,11741,vertex,'vertex',0.38652453,technical context stress,semantic_coherent,vertices/vertex,Vertex/vertices graph-structure family.,high,
f49799,8,8062,Vertex,'Vertex',0.36847234,technical context stress,semantic_coherent,vertices/vertex,Vertex/vertices graph-structure family.,high,
f49799,9,36471,_vertices,'_vertices',0.34630251,technical context stress,semantic_coherent,vertices/vertex,Vertex/vertices graph-structure family.,high,
f49799,10,25759,_vertex,'_vertex',0.30198711,technical context stress,semantic_coherent,vertices/vertex,Vertex/vertices graph-structure family.,high,
f49799,11,63573,(vertices,'(vertices',0.25727415,technical context stress,semantic_coherent,vertices/vertex,Vertex/vertices graph-structure family.,high,
f49799,12,21771,.vertices,'.vertices',0.24711114,technical context stress,semantic_coherent,vertices/vertex,Vertex/vertices graph-structure family.,high,
f49799,13,45699,.vertex,'.vertex',0.21197687,technical context stress,semantic_coherent,vertices/vertex,Vertex/vertices graph-structure family.,high,
f49799,14,84977,\tvertices,'\tvertices',0.20948264,technical context stress,semantic_coherent,vertices/vertex,Vertex/vertices graph-structure family.,high,
f49799,15,68348,VERTEX,'VERTEX',0.20871738,technical context stress,semantic_coherent,vertices/vertex,Vertex/vertices graph-structure family.,high,
f49799,16,74175,\tvertex,'\tvertex',0.20410672,technical context stress,semantic_coherent,vertices/vertex,Vertex/vertices graph-structure family.,high,
f49799,17,70129,.Vertex,'.Vertex',0.20185012,technical context stress,semantic_coherent,vertices/vertex,Vertex/vertices graph-structure family.,high,
f49799,18,43263,(vertex,'(vertex',0.18406825,technical context stress,semantic_coherent,vertices/vertex,Vertex/vertices graph-structure family.,high,
f49799,19,14620, Vert,' Vert',0.16185102,technical context stress,semantic_coherent,vertices/vertex,Vertex/vertices graph-structure family.,high,
f49799,20,45458,_VERTEX,'_VERTEX',0.15614931,technical context stress,semantic_coherent,vertices/vertex,Vertex/vertices graph-structure family.,high,
f52267,1,24425, Issue,' Issue',0.58503681,fixed-token context panels,semantic_coherent,Issue/issues,Issue/issues bug-tracker surface family with uppercase and code-style variants.,high,
f52267,2,40619,Issue,'Issue',0.47766086,fixed-token context panels,semantic_coherent,Issue/issues,Issue/issues bug-tracker surface family with uppercase and code-style variants.,high,
f52267,3,4125, issue,' issue',0.43514001,fixed-token context panels,semantic_coherent,Issue/issues,Issue/issues bug-tracker surface family with uppercase and code-style variants.,high,
f52267,4,35239, Issues,' Issues',0.35747901,fixed-token context panels,semantic_coherent,Issue/issues,Issue/issues bug-tracker surface family with uppercase and code-style variants.,high,
f52267,5,82935, ISSUE,' ISSUE',0.33459350,fixed-token context panels,semantic_coherent,Issue/issues,Issue/issues bug-tracker surface family with uppercase and code-style variants.,high,
f52267,6,4562, issues,' issues',0.33018160,fixed-token context panels,semantic_coherent,Issue/issues,Issue/issues bug-tracker surface family with uppercase and code-style variants.,high,
f52267,7,51550,_issue,'_issue',0.32916936,fixed-token context panels,semantic_coherent,Issue/issues,Issue/issues bug-tracker surface family with uppercase and code-style variants.,high,
f52267,8,10835,issue,'issue',0.32348794,fixed-token context panels,semantic_coherent,Issue/issues,Issue/issues bug-tracker surface family with uppercase and code-style variants.,high,
f52267,9,82864,Issues,'Issues',0.31012404,fixed-token context panels,semantic_coherent,Issue/issues,Issue/issues bug-tracker surface family with uppercase and code-style variants.,high,
f52267,10,17877,issues,'issues',0.23663792,fixed-token context panels,semantic_coherent,Issue/issues,Issue/issues bug-tracker surface family with uppercase and code-style variants.,high,
f52267,11,87128,_issues,'_issues',0.22342733,fixed-token context panels,semantic_coherent,Issue/issues,Issue/issues bug-tracker surface family with uppercase and code-style variants.,high,
f52267,12,86289,-issue,'-issue',0.22034869,fixed-token context panels,semantic_coherent,Issue/issues,Issue/issues bug-tracker surface family with uppercase and code-style variants.,high,
f52267,13,91178,(issue,'(issue',0.19570583,fixed-token context panels,semantic_coherent,Issue/issues,Issue/issues bug-tracker surface family with uppercase and code-style variants.,high,
f52267,14,37463,/issues,'/issues',0.17953637,fixed-token context panels,semantic_coherent,Issue/issues,Issue/issues bug-tracker surface family with uppercase and code-style variants.,high,
f52267,15,80997,ssue,'ssue',0.17330268,fixed-token context panels,semantic_coherent,Issue/issues,Issue/issues bug-tracker surface family with uppercase and code-style variants.,high,
f52267,16,77220,.issue,'.issue',0.16853377,fixed-token context panels,semantic_coherent,Issue/issues,Issue/issues bug-tracker surface family with uppercase and code-style variants.,high,
f52267,17,206514, 이슈,' 이슈',0.14935759,fixed-token context panels,semantic_coherent,Issue/issues,Issue/issues bug-tracker surface family with uppercase and code-style variants.,high,
f52267,18,198015, isu,' isu',0.14702514,fixed-token context panels,semantic_coherent,Issue/issues,Issue/issues bug-tracker surface family with uppercase and code-style variants.,high,
f52267,19,29838,ISS,'ISS',0.13514963,fixed-token context panels,semantic_coherent,Issue/issues,Issue/issues bug-tracker surface family with uppercase and code-style variants.,high,
f52267,20,45209,Bug,'Bug',0.12461811,fixed-token context panels,semantic_coherent,Issue/issues,Issue/issues bug-tracker surface family with uppercase and code-style variants.,high,
f54636,1,209185, jembatan,' jembatan',0.64715093,fixed-token context panels,semantic_coherent,jembatan/bridge,Bridge lexical family across languages.,high,
f54636,2,217503, puente,' puente',0.20826818,fixed-token context panels,semantic_coherent,jembatan/bridge,Bridge lexical family across languages.,high,
f54636,3,190858, ponte,' ponte',0.20681775,fixed-token context panels,semantic_coherent,jembatan/bridge,Bridge lexical family across languages.,high,
f54636,4,37683, bridges,' bridges',0.20634782,fixed-token context panels,semantic_coherent,jembatan/bridge,Bridge lexical family across languages.,high,
f54636,5,229529,สะพาน,'สะพาน',0.19028236,fixed-token context panels,semantic_coherent,jembatan/bridge,Bridge lexical family across languages.,high,
f54636,6,104619,桥梁,'桥梁',0.17024396,fixed-token context panels,semantic_coherent,jembatan/bridge,Bridge lexical family across languages.,high,
f54636,7,73630, Bridges,' Bridges',0.16899486,fixed-token context panels,semantic_coherent,jembatan/bridge,Bridge lexical family across languages.,high,
f54636,8,13759, bridge,' bridge',0.16654272,fixed-token context panels,semantic_coherent,jembatan/bridge,Bridge lexical family across languages.,high,
f54636,9,107727,橋,'橋',0.15877984,fixed-token context panels,semantic_coherent,jembatan/bridge,Bridge lexical family across languages.,high,
f54636,10,74122, brid,' brid',0.14752829,fixed-token context panels,semantic_coherent,jembatan/bridge,Bridge lexical family across languages.,high,
f54636,11,97461,桥,'桥',0.14247406,fixed-token context panels,semantic_coherent,jembatan/bridge,Bridge lexical family across languages.,high,
f54636,12,141426,的桥梁,'的桥梁',0.13951750,fixed-token context panels,semantic_coherent,jembatan/bridge,Bridge lexical family across languages.,high,
f54636,13,34900, pont,' pont',0.13774385,fixed-token context panels,semantic_coherent,jembatan/bridge,Bridge lexical family across languages.,high,
f54636,14,31760,Bridge,'Bridge',0.13041720,fixed-token context panels,semantic_coherent,jembatan/bridge,Bridge lexical family across languages.,high,
f54636,15,15745,brid,'brid',0.13003418,fixed-token context panels,semantic_coherent,jembatan/bridge,Bridge lexical family across languages.,high,
f54636,16,30306, Brid,' Brid',0.12540424,fixed-token context panels,semantic_coherent,jembatan/bridge,Bridge lexical family across languages.,high,
f54636,17,53097,_bridge,'_bridge',0.12539573,fixed-token context panels,semantic_coherent,jembatan/bridge,Bridge lexical family across languages.,high,
f54636,18,165930, पुल,' पुल',0.11988775,fixed-token context panels,semantic_coherent,jembatan/bridge,Bridge lexical family across languages.,high,
f54636,19,135711,桥上,'桥上',0.11951884,fixed-token context panels,semantic_coherent,jembatan/bridge,Bridge lexical family across languages.,high,
f54636,20,19269, Bridge,' Bridge',0.11296541,fixed-token context panels,semantic_coherent,jembatan/bridge,Bridge lexical family across languages.,high,
f54655,1,2534, address,' address',0.49574250,fixed-token context panels,semantic_coherent,address/addresses,"Address/addressing family, including network/contact-address variants.",high,
f54655,2,8904, Address,' Address',0.41471511,fixed-token context panels,semantic_coherent,address/addresses,"Address/addressing family, including network/contact-address variants.",high,
f54655,3,13822, addresses,' addresses',0.40827703,fixed-token context panels,semantic_coherent,address/addresses,"Address/addressing family, including network/contact-address variants.",high,
f54655,4,4834,address,'address',0.38513198,fixed-token context panels,semantic_coherent,address/addresses,"Address/addressing family, including network/contact-address variants.",high,
f54655,5,4146,Address,'Address',0.37809488,fixed-token context panels,semantic_coherent,address/addresses,"Address/addressing family, including network/contact-address variants.",high,
f54655,6,26153, addressing,' addressing',0.37180501,fixed-token context panels,semantic_coherent,address/addresses,"Address/addressing family, including network/contact-address variants.",high,
f54655,7,88282, Addresses,' Addresses',0.35114732,fixed-token context panels,semantic_coherent,address/addresses,"Address/addressing family, including network/contact-address variants.",high,
f54655,8,19457, addressed,' addressed',0.34684196,fixed-token context panels,semantic_coherent,address/addresses,"Address/addressing family, including network/contact-address variants.",high,
f54655,9,6532,_address,'_address',0.34095857,fixed-token context panels,semantic_coherent,address/addresses,"Address/addressing family, including network/contact-address variants.",high,
f54655,10,62252, ADDRESS,' ADDRESS',0.33530602,fixed-token context panels,semantic_coherent,address/addresses,"Address/addressing family, including network/contact-address variants.",high,
f54655,11,98411,地址,'地址',0.33291239,fixed-token context panels,semantic_coherent,address/addresses,"Address/addressing family, including network/contact-address variants.",high,
f54655,12,40257,-address,'-address',0.31569487,fixed-token context panels,semantic_coherent,address/addresses,"Address/addressing family, including network/contact-address variants.",high,
f54655,13,61067,\taddress,'\taddress',0.30970359,fixed-token context panels,semantic_coherent,address/addresses,"Address/addressing family, including network/contact-address variants.",high,
f54655,14,60668, adress,' adress',0.30620652,fixed-token context panels,semantic_coherent,address/addresses,"Address/addressing family, including network/contact-address variants.",high,
f54655,15,51983,addresses,'addresses',0.28960583,fixed-token context panels,semantic_coherent,address/addresses,"Address/addressing family, including network/contact-address variants.",high,
f54655,16,13396,.address,'.address',0.28891197,fixed-token context panels,semantic_coherent,address/addresses,"Address/addressing family, including network/contact-address variants.",high,
f54655,17,50535,Addresses,'Addresses',0.28811267,fixed-token context panels,semantic_coherent,address/addresses,"Address/addressing family, including network/contact-address variants.",high,
f54655,18,14983,(address,'(address',0.28606501,fixed-token context panels,semantic_coherent,address/addresses,"Address/addressing family, including network/contact-address variants.",high,
f54655,19,58949,ADDRESS,'ADDRESS',0.28432518,fixed-token context panels,semantic_coherent,address/addresses,"Address/addressing family, including network/contact-address variants.",high,
f54655,20,19522,_ADDRESS,'_ADDRESS',0.28150663,fixed-token context panels,semantic_coherent,address/addresses,"Address/addressing family, including network/contact-address variants.",high,
f55275,1,57518, Bark,' Bark',0.68138206,additional bark/bass margins,semantic_coherent,Bark/bark,Bark/bark/Oak mixed tree-bark/name feature; usable but less clean than the stronger bark-row feature.,medium,
f55275,2,51939, bark,' bark',0.29308397,additional bark/bass margins,semantic_coherent,Bark/bark,Bark/bark/Oak mixed tree-bark/name feature; usable but less clean than the stronger bark-row feature.,medium,
f55275,3,183797, кора,' кора',0.09882575,additional bark/bass margins,semantic_coherent,Bark/bark,Bark/bark/Oak mixed tree-bark/name feature; usable but less clean than the stronger bark-row feature.,medium,
f55275,4,12638, Army,' Army',0.08272970,additional bark/bass margins,semantic_coherent,Bark/bark,Bark/bark/Oak mixed tree-bark/name feature; usable but less clean than the stronger bark-row feature.,medium,
f55275,5,106818,巴克,'巴克',0.08059274,additional bark/bass margins,semantic_coherent,Bark/bark,Bark/bark/Oak mixed tree-bark/name feature; usable but less clean than the stronger bark-row feature.,medium,
f55275,6,17739, Oak,' Oak',0.07459917,additional bark/bass margins,semantic_coherent,Bark/bark,Bark/bark/Oak mixed tree-bark/name feature; usable but less clean than the stronger bark-row feature.,medium,
f55275,7,214384, коре,' коре',0.07273464,additional bark/bass margins,semantic_coherent,Bark/bark,Bark/bark/Oak mixed tree-bark/name feature; usable but less clean than the stronger bark-row feature.,medium,
f55275,8,88728,Army,'Army',0.06695592,additional bark/bass margins,semantic_coherent,Bark/bark,Bark/bark/Oak mixed tree-bark/name feature; usable but less clean than the stronger bark-row feature.,medium,
f55275,9,9755,.stringify,'.stringify',0.06684128,additional bark/bass margins,semantic_coherent,Bark/bark,Bark/bark/Oak mixed tree-bark/name feature; usable but less clean than the stronger bark-row feature.,medium,
f55275,10,215511, postan,' postan',0.06637590,additional bark/bass margins,semantic_coherent,Bark/bark,Bark/bark/Oak mixed tree-bark/name feature; usable but less clean than the stronger bark-row feature.,medium,
f55275,11,194907, Bier,' Bier',0.06506312,additional bark/bass margins,semantic_coherent,Bark/bark,Bark/bark/Oak mixed tree-bark/name feature; usable but less clean than the stronger bark-row feature.,medium,
f55275,12,236587, tạng,' tạng',0.06494705,additional bark/bass margins,semantic_coherent,Bark/bark,Bark/bark/Oak mixed tree-bark/name feature; usable but less clean than the stronger bark-row feature.,medium,
f55275,13,56811,-webpack,'-webpack',0.06480568,additional bark/bass margins,semantic_coherent,Bark/bark,Bark/bark/Oak mixed tree-bark/name feature; usable but less clean than the stronger bark-row feature.,medium,
f55275,14,122369,造林,'造林',0.06277094,additional bark/bass margins,semantic_coherent,Bark/bark,Bark/bark/Oak mixed tree-bark/name feature; usable but less clean than the stronger bark-row feature.,medium,
f55275,15,31549,ackBar,'ackBar',0.06251004,additional bark/bass margins,semantic_coherent,Bark/bark,Bark/bark/Oak mixed tree-bark/name feature; usable but less clean than the stronger bark-row feature.,medium,
f55275,16,161590, Faz,' Faz',0.06065732,additional bark/bass margins,semantic_coherent,Bark/bark,Bark/bark/Oak mixed tree-bark/name feature; usable but less clean than the stronger bark-row feature.,medium,
f55275,17,123269,谈心,'谈心',0.06044765,additional bark/bass margins,semantic_coherent,Bark/bark,Bark/bark/Oak mixed tree-bark/name feature; usable but less clean than the stronger bark-row feature.,medium,
f55275,18,77633, Barker,' Barker',0.05961082,additional bark/bass margins,semantic_coherent,Bark/bark,Bark/bark/Oak mixed tree-bark/name feature; usable but less clean than the stronger bark-row feature.,medium,
f55275,19,141893,海港,'海港',0.05893429,additional bark/bass margins,semantic_coherent,Bark/bark,Bark/bark/Oak mixed tree-bark/name feature; usable but less clean than the stronger bark-row feature.,medium,
f55275,20,245146, Miser,' Miser',0.05866777,additional bark/bass margins,semantic_coherent,Bark/bark,Bark/bark/Oak mixed tree-bark/name feature; usable but less clean than the stronger bark-row feature.,medium,
f55298,1,14367, river,' river',0.65588540,fixed-token context panels,semantic_coherent,river,River/waterway lexical family across languages.,high,
f55298,2,5296,river,'river',0.33711013,fixed-token context panels,semantic_coherent,river,River/waterway lexical family across languages.,high,
f55298,3,10629, River,' River',0.33398667,fixed-token context panels,semantic_coherent,river,River/waterway lexical family across languages.,high,
f55298,4,82739,River,'River',0.32397917,fixed-token context panels,semantic_coherent,river,River/waterway lexical family across languages.,high,
f55298,5,34343, rivers,' rivers',0.28553405,fixed-token context panels,semantic_coherent,river,River/waterway lexical family across languages.,high,
f55298,6,96690,河,'河',0.26121280,fixed-token context panels,semantic_coherent,river,River/waterway lexical family across languages.,high,
f55298,7,105067,河流,'河流',0.24781813,fixed-token context panels,semantic_coherent,river,River/waterway lexical family across languages.,high,
f55298,8,132665,河的,'河的',0.23326264,fixed-token context panels,semantic_coherent,river,River/waterway lexical family across languages.,high,
f55298,9,62230, creek,' creek',0.21498825,fixed-token context panels,semantic_coherent,river,River/waterway lexical family across languages.,high,
f55298,10,196240, río,' río',0.20813009,fixed-token context panels,semantic_coherent,river,River/waterway lexical family across languages.,high,
f55298,11,117341,河水,'河水',0.20069149,fixed-token context panels,semantic_coherent,river,River/waterway lexical family across languages.,high,
f55298,12,194726, sungai,' sungai',0.19633473,fixed-token context panels,semantic_coherent,river,River/waterway lexical family across languages.,high,
f55298,13,147387,河岸,'河岸',0.19526684,fixed-token context panels,semantic_coherent,river,River/waterway lexical family across languages.,high,
f55298,14,21128, lake,' lake',0.18499440,fixed-token context panels,semantic_coherent,river,River/waterway lexical family across languages.,high,
f55298,15,112949,河道,'河道',0.17884047,fixed-token context panels,semantic_coherent,river,River/waterway lexical family across languages.,high,
f55298,16,121518,河边,'河边',0.17626116,fixed-token context panels,semantic_coherent,river,River/waterway lexical family across languages.,high,
f55298,17,210404, реки,' реки',0.17501183,fixed-token context panels,semantic_coherent,river,River/waterway lexical family across languages.,high,
f55298,18,229777, rivière,' rivière',0.17056017,fixed-token context panels,semantic_coherent,river,River/waterway lexical family across languages.,high,
f55298,19,172883, sông,' sông',0.16783561,fixed-token context panels,semantic_coherent,river,River/waterway lexical family across languages.,high,
f55298,20,136157,河里,'河里',0.15803495,fixed-token context panels,semantic_coherent,river,River/waterway lexical family across languages.,high,
f58166,1,10806, vision,' vision',0.51498485,technical context stress,nonsemantic_or_ambiguous,vision,Vision/sight/visionary family; coherent but off-target for the audited virus contrast.,medium,navigation-only in audit
f58166,2,29449, Vision,' Vision',0.35017854,technical context stress,nonsemantic_or_ambiguous,vision,Vision/sight/visionary family; coherent but off-target for the audited virus contrast.,medium,navigation-only in audit
f58166,3,65765,Vision,'Vision',0.30024162,technical context stress,nonsemantic_or_ambiguous,vision,Vision/sight/visionary family; coherent but off-target for the audited virus contrast.,medium,navigation-only in audit
f58166,4,186004, visión,' visión',0.29475102,technical context stress,nonsemantic_or_ambiguous,vision,Vision/sight/visionary family; coherent but off-target for the audited virus contrast.,medium,navigation-only in audit
f58166,5,55378, visions,' visions',0.28237873,technical context stress,nonsemantic_or_ambiguous,vision,Vision/sight/visionary family; coherent but off-target for the audited virus contrast.,medium,navigation-only in audit
f58166,6,12640,vision,'vision',0.28098482,technical context stress,nonsemantic_or_ambiguous,vision,Vision/sight/visionary family; coherent but off-target for the audited virus contrast.,medium,navigation-only in audit
f58166,7,186602, visão,' visão',0.26615843,technical context stress,nonsemantic_or_ambiguous,vision,Vision/sight/visionary family; coherent but off-target for the audited virus contrast.,medium,navigation-only in audit
f58166,8,189116, visione,' visione',0.26097330,technical context stress,nonsemantic_or_ambiguous,vision,Vision/sight/visionary family; coherent but off-target for the audited virus contrast.,medium,navigation-only in audit
f58166,9,116400,愿景,'愿景',0.20507540,technical context stress,nonsemantic_or_ambiguous,vision,Vision/sight/visionary family; coherent but off-target for the audited virus contrast.,medium,navigation-only in audit
f58166,10,222165, الرؤية,' الرؤية',0.18456964,technical context stress,nonsemantic_or_ambiguous,vision,Vision/sight/visionary family; coherent but off-target for the audited virus contrast.,medium,navigation-only in audit
f58166,11,111982,视力,'视力',0.17203030,technical context stress,nonsemantic_or_ambiguous,vision,Vision/sight/visionary family; coherent but off-target for the audited virus contrast.,medium,navigation-only in audit
f58166,12,83404, visionary,' visionary',0.15915909,technical context stress,nonsemantic_or_ambiguous,vision,Vision/sight/visionary family; coherent but off-target for the audited virus contrast.,medium,navigation-only in audit
f58166,13,97979,視,'視',0.15462796,technical context stress,nonsemantic_or_ambiguous,vision,Vision/sight/visionary family; coherent but off-target for the audited virus contrast.,medium,navigation-only in audit
f58166,14,96324,视,'视',0.14797030,technical context stress,nonsemantic_or_ambiguous,vision,Vision/sight/visionary family; coherent but off-target for the audited virus contrast.,medium,navigation-only in audit
f58166,15,183749, visi,' visi',0.14716147,technical context stress,nonsemantic_or_ambiguous,vision,Vision/sight/visionary family; coherent but off-target for the audited virus contrast.,medium,navigation-only in audit
f58166,16,184664, رؤية,' رؤية',0.14444916,technical context stress,nonsemantic_or_ambiguous,vision,Vision/sight/visionary family; coherent but off-target for the audited virus contrast.,medium,navigation-only in audit
f58166,17,46083,VISION,'VISION',0.14351414,technical context stress,nonsemantic_or_ambiguous,vision,Vision/sight/visionary family; coherent but off-target for the audited virus contrast.,medium,navigation-only in audit
f58166,18,13529, sight,' sight',0.13686199,technical context stress,nonsemantic_or_ambiguous,vision,Vision/sight/visionary family; coherent but off-target for the audited virus contrast.,medium,navigation-only in audit
f58166,19,23451,ISION,'ISION',0.12943894,technical context stress,nonsemantic_or_ambiguous,vision,Vision/sight/visionary family; coherent but off-target for the audited virus contrast.,medium,navigation-only in audit
f58166,20,160092,ビジ,'ビジ',0.12094529,technical context stress,nonsemantic_or_ambiguous,vision,Vision/sight/visionary family; coherent but off-target for the audited virus contrast.,medium,navigation-only in audit
f58330,1,3960,_error,'_error',0.48555642,main bug panels,semantic_coherent,error/_error/ERROR,"Code-style error feature centered on _error, _ERROR, and error variants.",high,
f58330,2,5246,_ERROR,'_ERROR',0.20093630,main bug panels,semantic_coherent,error/_error/ERROR,"Code-style error feature centered on _error, _ERROR, and error variants.",high,
f58330,3,1412, error,' error',0.19321077,main bug panels,semantic_coherent,error/_error/ERROR,"Code-style error feature centered on _error, _ERROR, and error variants.",high,
f58330,4,18346,-error,'-error',0.18918289,main bug panels,semantic_coherent,error/_error/ERROR,"Code-style error feature centered on _error, _ERROR, and error variants.",high,
f58330,5,4451, Error,' Error',0.17841858,main bug panels,semantic_coherent,error/_error/ERROR,"Code-style error feature centered on _error, _ERROR, and error variants.",high,
f58330,6,4273,.error,'.error',0.17393677,main bug panels,semantic_coherent,error/_error/ERROR,"Code-style error feature centered on _error, _ERROR, and error variants.",high,
f58330,7,17746,\terror,'\terror',0.16669856,main bug panels,semantic_coherent,error/_error/ERROR,"Code-style error feature centered on _error, _ERROR, and error variants.",high,
f58330,8,815,error,'error',0.15889876,main bug panels,semantic_coherent,error/_error/ERROR,"Code-style error feature centered on _error, _ERROR, and error variants.",high,
f58330,9,1401,Error,'Error',0.15550603,main bug panels,semantic_coherent,error/_error/ERROR,"Code-style error feature centered on _error, _ERROR, and error variants.",high,
f58330,10,27715,_Error,'_Error',0.13637333,main bug panels,semantic_coherent,error/_error/ERROR,"Code-style error feature centered on _error, _ERROR, and error variants.",high,
f58330,11,19583,_errors,'_errors',0.13208863,main bug panels,semantic_coherent,error/_error/ERROR,"Code-style error feature centered on _error, _ERROR, and error variants.",high,
f58330,12,6189,(error,'(error',0.12958120,main bug panels,semantic_coherent,error/_error/ERROR,"Code-style error feature centered on _error, _ERROR, and error variants.",high,
f58330,13,111162,误差,'误差',0.12760492,main bug panels,semantic_coherent,error/_error/ERROR,"Code-style error feature centered on _error, _ERROR, and error variants.",high,
f58330,14,40359,/error,'/error',0.11741278,main bug panels,semantic_coherent,error/_error/ERROR,"Code-style error feature centered on _error, _ERROR, and error variants.",high,
f58330,15,20693,ErrorMessage,'ErrorMessage',0.11721863,main bug panels,semantic_coherent,error/_error/ERROR,"Code-style error feature centered on _error, _ERROR, and error variants.",high,
f58330,16,5949,.Error,'.Error',0.11624639,main bug panels,semantic_coherent,error/_error/ERROR,"Code-style error feature centered on _error, _ERROR, and error variants.",high,
f58330,17,99147,错误,'错误',0.11235303,main bug panels,semantic_coherent,error/_error/ERROR,"Code-style error feature centered on _error, _ERROR, and error variants.",high,
f58330,18,5787, errors,' errors',0.11189122,main bug panels,semantic_coherent,error/_error/ERROR,"Code-style error feature centered on _error, _ERROR, and error variants.",high,
f58330,19,8991,_err,'_err',0.10643810,main bug panels,semantic_coherent,error/_error/ERROR,"Code-style error feature centered on _error, _ERROR, and error variants.",high,
f58330,20,80432,",error","',error'",0.10408083,main bug panels,semantic_coherent,error/_error/ERROR,"Code-style error feature centered on _error, _ERROR, and error variants.",high,
f59571,1,359, ',""" '""",0.48280135,main bug panels; additional bark/bass margins; general readout examples,token_form_artifact,M/J/G/K; M/J/G,Punctuation plus uppercase-letter surface-form feature.,high,token-form artifact
f59571,2,380, M,' M',0.46217081,main bug panels; additional bark/bass margins; general readout examples,token_form_artifact,M/J/G/K; M/J/G,Punctuation plus uppercase-letter surface-form feature.,high,token-form artifact
f59571,3,604, J,' J',0.46069643,main bug panels; additional bark/bass margins; general readout examples,token_form_artifact,M/J/G/K; M/J/G,Punctuation plus uppercase-letter surface-form feature.,high,token-form artifact
f59571,4,469, G,' G',0.45587322,main bug panels; additional bark/bass margins; general readout examples,token_form_artifact,M/J/G/K; M/J/G,Punctuation plus uppercase-letter surface-form feature.,high,token-form artifact
f59571,5,710, K,' K',0.45025763,main bug panels; additional bark/bass margins; general readout examples,token_form_artifact,M/J/G/K; M/J/G,Punctuation plus uppercase-letter surface-form feature.,high,token-form artifact
f59571,6,13,.,'.',0.44703069,main bug panels; additional bark/bass margins; general readout examples,token_form_artifact,M/J/G/K; M/J/G,Punctuation plus uppercase-letter surface-form feature.,high,token-form artifact
f59571,7,11,",","','",0.43949941,main bug panels; additional bark/bass margins; general readout examples,token_form_artifact,M/J/G/K; M/J/G,Punctuation plus uppercase-letter surface-form feature.,high,token-form artifact
f59571,8,12,-,'-',0.43857852,main bug panels; additional bark/bass margins; general readout examples,token_form_artifact,M/J/G/K; M/J/G,Punctuation plus uppercase-letter surface-form feature.,high,token-form artifact
f59571,9,443, N,' N',0.43564150,main bug panels; additional bark/bass margins; general readout examples,token_form_artifact,M/J/G/K; M/J/G,Punctuation plus uppercase-letter surface-form feature.,high,token-form artifact
f59571,10,387, P,' P',0.43399945,main bug panels; additional bark/bass margins; general readout examples,token_form_artifact,M/J/G/K; M/J/G,Punctuation plus uppercase-letter surface-form feature.,high,token-form artifact
f59571,11,328," ""","' ""'",0.43346950,main bug panels; additional bark/bass margins; general readout examples,token_form_artifact,M/J/G/K; M/J/G,Punctuation plus uppercase-letter surface-form feature.,high,token-form artifact
f59571,12,353, I,' I',0.43335286,main bug panels; additional bark/bass margins; general readout examples,token_form_artifact,M/J/G/K; M/J/G,Punctuation plus uppercase-letter surface-form feature.,high,token-form artifact
f59571,13,471, -,' -',0.43268898,main bug panels; additional bark/bass margins; general readout examples,token_form_artifact,M/J/G/K; M/J/G,Punctuation plus uppercase-letter surface-form feature.,high,token-form artifact
f59571,14,6,',"""'""",0.43225047,main bug panels; additional bark/bass margins; general readout examples,token_form_artifact,M/J/G/K; M/J/G,Punctuation plus uppercase-letter surface-form feature.,high,token-form artifact
f59571,15,1,"""","'""'",0.43042442,main bug panels; additional bark/bass margins; general readout examples,token_form_artifact,M/J/G/K; M/J/G,Punctuation plus uppercase-letter surface-form feature.,high,token-form artifact
f59571,16,436, L,' L',0.42549589,main bug panels; additional bark/bass margins; general readout examples,token_form_artifact,M/J/G/K; M/J/G,Punctuation plus uppercase-letter surface-form feature.,high,token-form artifact
f59571,17,498, [,' [',0.42279026,main bug panels; additional bark/bass margins; general readout examples,token_form_artifact,M/J/G/K; M/J/G,Punctuation plus uppercase-letter surface-form feature.,high,token-form artifact
f59571,18,357, A,' A',0.42206910,main bug panels; additional bark/bass margins; general readout examples,token_form_artifact,M/J/G/K; M/J/G,Punctuation plus uppercase-letter surface-form feature.,high,token-form artifact
f59571,19,417, B,' B',0.42196521,main bug panels; additional bark/bass margins; general readout examples,token_form_artifact,M/J/G/K; M/J/G,Punctuation plus uppercase-letter surface-form feature.,high,token-form artifact
f59571,20,326, S,' S',0.41788247,main bug panels; additional bark/bass margins; general readout examples,token_form_artifact,M/J/G/K; M/J/G,Punctuation plus uppercase-letter surface-form feature.,high,token-form artifact
f59852,1,12465, protein,' protein',0.45367047,technical context stress,semantic_coherent,protein/proteins,Protein/proteins/peptide molecular-biology family.,high,
f59852,2,46763, Protein,' Protein',0.38761282,technical context stress,semantic_coherent,protein/proteins,Protein/proteins/peptide molecular-biology family.,high,
f59852,3,75776,protein,'protein',0.38360590,technical context stress,semantic_coherent,protein/proteins,Protein/proteins/peptide molecular-biology family.,high,
f59852,4,109184,蛋白质,'蛋白质',0.32215920,technical context stress,semantic_coherent,protein/proteins,Protein/proteins/peptide molecular-biology family.,high,
f59852,5,98918,蛋白,'蛋白',0.29737136,technical context stress,semantic_coherent,protein/proteins,Protein/proteins/peptide molecular-biology family.,high,
f59852,6,26893, proteins,' proteins',0.28026870,technical context stress,semantic_coherent,protein/proteins,Protein/proteins/peptide molecular-biology family.,high,
f59852,7,232736, 단백질,' 단백질',0.27751398,technical context stress,semantic_coherent,protein/proteins,Protein/proteins/peptide molecular-biology family.,high,
f59852,8,231274, proteína,' proteína',0.25957036,technical context stress,semantic_coherent,protein/proteins,Protein/proteins/peptide molecular-biology family.,high,
f59852,9,227502, proteine,' proteine',0.23282331,technical context stress,semantic_coherent,protein/proteins,Protein/proteins/peptide molecular-biology family.,high,
f59852,10,211702, proteínas,' proteínas',0.22654976,technical context stress,semantic_coherent,protein/proteins,Protein/proteins/peptide molecular-biology family.,high,
f59852,11,36972,tein,'tein',0.21474117,technical context stress,semantic_coherent,protein/proteins,Protein/proteins/peptide molecular-biology family.,high,
f59852,12,161961, proté,' proté',0.19628435,technical context stress,semantic_coherent,protein/proteins,Protein/proteins/peptide molecular-biology family.,high,
f59852,13,129020,蛋白質,'蛋白質',0.18063623,technical context stress,semantic_coherent,protein/proteins,Protein/proteins/peptide molecular-biology family.,high,
f59852,14,216516, белка,' белка',0.17650893,technical context stress,semantic_coherent,protein/proteins,Protein/proteins/peptide molecular-biology family.,high,
f59852,15,144936,高蛋白,'高蛋白',0.16165641,technical context stress,semantic_coherent,protein/proteins,Protein/proteins/peptide molecular-biology family.,high,
f59852,16,168524, 단백,' 단백',0.15677953,technical context stress,semantic_coherent,protein/proteins,Protein/proteins/peptide molecular-biology family.,high,
f59852,17,87530,rotein,'rotein',0.15321469,technical context stress,semantic_coherent,protein/proteins,Protein/proteins/peptide molecular-biology family.,high,
f59852,18,14745, Prote,' Prote',0.14437494,technical context stress,semantic_coherent,protein/proteins,Protein/proteins/peptide molecular-biology family.,high,
f59852,19,5256, prote,' prote',0.13291444,technical context stress,semantic_coherent,protein/proteins,Protein/proteins/peptide molecular-biology family.,high,
f59852,20,68732, peptide,' peptide',0.12368524,technical context stress,semantic_coherent,protein/proteins,Protein/proteins/peptide molecular-biology family.,high,
f61019,1,16002, bottle,' bottle',0.62756139,technical context stress,semantic_coherent,bottle/bottles,Bottle/flask/container family.,high,
f61019,2,52173, Bottle,' Bottle',0.50866336,technical context stress,semantic_coherent,bottle/bottles,Bottle/flask/container family.,high,
f61019,3,25534, bottles,' bottles',0.48869878,technical context stress,semantic_coherent,bottle/bottles,Bottle/flask/container family.,high,
f61019,4,97773,瓶,'瓶',0.35393438,technical context stress,semantic_coherent,bottle/bottles,Bottle/flask/container family.,high,
f61019,5,121145,瓶子,'瓶子',0.29369438,technical context stress,semantic_coherent,bottle/bottles,Bottle/flask/container family.,high,
f61019,6,143595,瓶中,'瓶中',0.28291303,technical context stress,semantic_coherent,bottle/bottles,Bottle/flask/container family.,high,
f61019,7,60024,ottle,'ottle',0.28021294,technical context stress,semantic_coherent,bottle/bottles,Bottle/flask/container family.,high,
f61019,8,35032, Bott,' Bott',0.27469122,technical context stress,semantic_coherent,bottle/bottles,Bottle/flask/container family.,high,
f61019,9,10617, bott,' bott',0.25732151,technical context stress,semantic_coherent,bottle/bottles,Bottle/flask/container family.,high,
f61019,10,221307,ボトル,'ボトル',0.25389835,technical context stress,semantic_coherent,bottle/bottles,Bottle/flask/container family.,high,
f61019,11,84810, bottleneck,' bottleneck',0.23500472,technical context stress,semantic_coherent,bottle/bottles,Bottle/flask/container family.,high,
f61019,12,202175, Flas,' Flas',0.21661498,technical context stress,semantic_coherent,bottle/bottles,Bottle/flask/container family.,high,
f61019,13,219699, botol,' botol',0.21653388,technical context stress,semantic_coherent,bottle/bottles,Bottle/flask/container family.,high,
f61019,14,135668,瓶装,'瓶装',0.20211895,technical context stress,semantic_coherent,bottle/bottles,Bottle/flask/container family.,high,
f61019,15,236688,ขวด,'ขวด',0.19639942,technical context stress,semantic_coherent,bottle/bottles,Bottle/flask/container family.,high,
f61019,16,192179, бут,' бут',0.19607045,technical context stress,semantic_coherent,bottle/bottles,Bottle/flask/container family.,high,
f61019,17,192180, буты,' буты',0.18293461,technical context stress,semantic_coherent,bottle/bottles,Bottle/flask/container family.,high,
f61019,18,138687,瓶盖,'瓶盖',0.18268348,technical context stress,semantic_coherent,bottle/bottles,Bottle/flask/container family.,high,
f61019,19,68666, bottled,' bottled',0.17938896,technical context stress,semantic_coherent,bottle/bottles,Bottle/flask/container family.,high,
f61019,20,114520,瓶颈,'瓶颈',0.17646991,technical context stress,semantic_coherent,bottle/bottles,Bottle/flask/container family.,high,
f61230,1,147019,树皮,'树皮',0.68270564,additional bark/bass margins,nonsemantic_or_ambiguous,bark/Bark,Tree-bark/peel/scraping family; semantically plausible but target-token-heavy in the audited panel.,medium,navigation-only in audit
f61230,2,51939, bark,' bark',0.22359084,additional bark/bass margins,nonsemantic_or_ambiguous,bark/Bark,Tree-bark/peel/scraping family; semantically plausible but target-token-heavy in the audited panel.,medium,navigation-only in audit
f61230,3,130264,树干,'树干',0.14995326,additional bark/bass margins,nonsemantic_or_ambiguous,bark/Bark,Tree-bark/peel/scraping family; semantically plausible but target-token-heavy in the audited panel.,medium,navigation-only in audit
f61230,4,135361,果皮,'果皮',0.10252802,additional bark/bass margins,nonsemantic_or_ambiguous,bark/Bark,Tree-bark/peel/scraping family; semantically plausible but target-token-heavy in the audited panel.,medium,navigation-only in audit
f61230,5,112941,树叶,'树叶',0.07577907,additional bark/bass margins,nonsemantic_or_ambiguous,bark/Bark,Tree-bark/peel/scraping family; semantically plausible but target-token-heavy in the audited panel.,medium,navigation-only in audit
f61230,6,132265,太守,'太守',0.07536063,additional bark/bass margins,nonsemantic_or_ambiguous,bark/Bark,Tree-bark/peel/scraping family; semantically plausible but target-token-heavy in the audited panel.,medium,navigation-only in audit
f61230,7,214384, коре,' коре',0.07452979,additional bark/bass margins,nonsemantic_or_ambiguous,bark/Bark,Tree-bark/peel/scraping family; semantically plausible but target-token-heavy in the audited panel.,medium,navigation-only in audit
f61230,8,183797, кора,' кора',0.07112636,additional bark/bass margins,nonsemantic_or_ambiguous,bark/Bark,Tree-bark/peel/scraping family; semantically plausible but target-token-heavy in the audited panel.,medium,navigation-only in audit
f61230,9,139322,学派,'学派',0.06778513,additional bark/bass margins,nonsemantic_or_ambiguous,bark/Bark,Tree-bark/peel/scraping family; semantically plausible but target-token-heavy in the audited panel.,medium,navigation-only in audit
f61230,10,156670,äsident,'äsident',0.06770798,additional bark/bass margins,nonsemantic_or_ambiguous,bark/Bark,Tree-bark/peel/scraping family; semantically plausible but target-token-heavy in the audited panel.,medium,navigation-only in audit
f61230,11,104878,树脂,'树脂',0.06747208,additional bark/bass margins,nonsemantic_or_ambiguous,bark/Bark,Tree-bark/peel/scraping family; semantically plausible but target-token-heavy in the audited panel.,medium,navigation-only in audit
f61230,12,57518, Bark,' Bark',0.06574266,additional bark/bass margins,nonsemantic_or_ambiguous,bark/Bark,Tree-bark/peel/scraping family; semantically plausible but target-token-heavy in the audited panel.,medium,navigation-only in audit
f61230,13,23132,Tap,'Tap',0.06449216,additional bark/bass margins,nonsemantic_or_ambiguous,bark/Bark,Tree-bark/peel/scraping family; semantically plausible but target-token-heavy in the audited panel.,medium,navigation-only in audit
f61230,14,59883, taps,' taps',0.06284544,additional bark/bass margins,nonsemantic_or_ambiguous,bark/Bark,Tree-bark/peel/scraping family; semantically plausible but target-token-heavy in the audited panel.,medium,navigation-only in audit
f61230,15,243379,เปลือก,'เปลือก',0.06266301,additional bark/bass margins,nonsemantic_or_ambiguous,bark/Bark,Tree-bark/peel/scraping family; semantically plausible but target-token-heavy in the audited panel.,medium,navigation-only in audit
f61230,16,159002,냅,'냅',0.06190825,additional bark/bass margins,nonsemantic_or_ambiguous,bark/Bark,Tree-bark/peel/scraping family; semantically plausible but target-token-heavy in the audited panel.,medium,navigation-only in audit
f61230,17,14795, tap,' tap',0.06123811,additional bark/bass margins,nonsemantic_or_ambiguous,bark/Bark,Tree-bark/peel/scraping family; semantically plausible but target-token-heavy in the audited panel.,medium,navigation-only in audit
f61230,18,78631, scraping,' scraping',0.06117691,additional bark/bass margins,nonsemantic_or_ambiguous,bark/Bark,Tree-bark/peel/scraping family; semantically plausible but target-token-heavy in the audited panel.,medium,navigation-only in audit
f61230,19,158976,<empty>,'�',0.06084153,additional bark/bass margins,nonsemantic_or_ambiguous,bark/Bark,Tree-bark/peel/scraping family; semantically plausible but target-token-heavy in the audited panel.,medium,navigation-only in audit
f61230,20,221806, Terp,' Terp',0.06076615,additional bark/bass margins,nonsemantic_or_ambiguous,bark/Bark,Tree-bark/peel/scraping family; semantically plausible but target-token-heavy in the audited panel.,medium,navigation-only in audit
f62208,1,14882, boat,' boat',0.55412078,fixed-token context panels,semantic_coherent,boat,Boat/watercraft family.,high,
f62208,2,42762, Boat,' Boat',0.38261396,fixed-token context panels,semantic_coherent,boat,Boat/watercraft family.,high,
f62208,3,36516,boat,'boat',0.33175629,fixed-token context panels,semantic_coherent,boat,Boat/watercraft family.,high,
f62208,4,30592, boats,' boats',0.25973430,fixed-token context panels,semantic_coherent,boat,Boat/watercraft family.,high,
f62208,5,209425, bateau,' bateau',0.20548390,fixed-token context panels,semantic_coherent,boat,Boat/watercraft family.,high,
f62208,6,204778, barco,' barco',0.17604131,fixed-token context panels,semantic_coherent,boat,Boat/watercraft family.,high,
f62208,7,91100,boats,'boats',0.15586303,fixed-token context panels,semantic_coherent,boat,Boat/watercraft family.,high,
f62208,8,80611, canoe,' canoe',0.12434987,fixed-token context panels,semantic_coherent,boat,Boat/watercraft family.,high,
f62208,9,83978, kayak,' kayak',0.10898701,fixed-token context panels,semantic_coherent,boat,Boat/watercraft family.,high,
f62208,10,234362, barca,' barca',0.10336434,fixed-token context panels,semantic_coherent,boat,Boat/watercraft family.,high,
f62208,11,69489, yacht,' yacht',0.10049992,fixed-token context panels,semantic_coherent,boat,Boat/watercraft family.,high,
f62208,12,181736, thuyền,' thuyền',0.10016558,fixed-token context panels,semantic_coherent,boat,Boat/watercraft family.,high,
f62208,13,97663,船,'船',0.09906181,fixed-token context panels,semantic_coherent,boat,Boat/watercraft family.,high,
f62208,14,99348,舟,'舟',0.09117661,fixed-token context panels,semantic_coherent,boat,Boat/watercraft family.,high,
f62208,15,49813, ferry,' ferry',0.08316849,fixed-token context panels,semantic_coherent,boat,Boat/watercraft family.,high,
f62208,16,119867,船上,'船上',0.07922026,fixed-token context panels,semantic_coherent,boat,Boat/watercraft family.,high,
f62208,17,105130,两岸,'两岸',0.07785398,fixed-token context panels,semantic_coherent,boat,Boat/watercraft family.,high,
f62208,18,100423,艇,'艇',0.07595395,fixed-token context panels,semantic_coherent,boat,Boat/watercraft family.,high,
f62208,19,146406,游轮,'游轮',0.07579633,fixed-token context panels,semantic_coherent,boat,Boat/watercraft family.,high,
f62208,20,146902,船的,'船的',0.07461591,fixed-token context panels,semantic_coherent,boat,Boat/watercraft family.,high,
f62412,1,21360, RAM,' RAM',0.54239118,technical context stress,semantic_coherent,RAM/_ram/Ram,"RAM/hardware-memory family, including RAM, memory, CPU, and GPU tokens.",high,
f62412,2,32784,RAM,'RAM',0.29109165,technical context stress,semantic_coherent,RAM/_ram/Ram,"RAM/hardware-memory family, including RAM, memory, CPU, and GPU tokens.",high,
f62412,3,60029,_ram,'_ram',0.23761670,technical context stress,semantic_coherent,RAM/_ram/Ram,"RAM/hardware-memory family, including RAM, memory, CPU, and GPU tokens.",high,
f62412,4,61693,Ram,'Ram',0.21089746,technical context stress,semantic_coherent,RAM/_ram/Ram,"RAM/hardware-memory family, including RAM, memory, CPU, and GPU tokens.",high,
f62412,5,14710, Ram,' Ram',0.19751886,technical context stress,semantic_coherent,RAM/_ram/Ram,"RAM/hardware-memory family, including RAM, memory, CPU, and GPU tokens.",high,
f62412,6,17292, ram,' ram',0.18493479,technical context stress,semantic_coherent,RAM/_ram/Ram,"RAM/hardware-memory family, including RAM, memory, CPU, and GPU tokens.",high,
f62412,7,60291,_RAM,'_RAM',0.18230461,technical context stress,semantic_coherent,RAM/_ram/Ram,"RAM/hardware-memory family, including RAM, memory, CPU, and GPU tokens.",high,
f62412,8,214051, رام,' رام',0.13691467,technical context stress,semantic_coherent,RAM/_ram/Ram,"RAM/hardware-memory family, including RAM, memory, CPU, and GPU tokens.",high,
f62412,9,108777,内存,'内存',0.12259303,technical context stress,semantic_coherent,RAM/_ram/Ram,"RAM/hardware-memory family, including RAM, memory, CPU, and GPU tokens.",high,
f62412,10,13540, CPU,' CPU',0.11827596,technical context stress,semantic_coherent,RAM/_ram/Ram,"RAM/hardware-memory family, including RAM, memory, CPU, and GPU tokens.",high,
f62412,11,2319,ram,'ram',0.11194919,technical context stress,semantic_coherent,RAM/_ram/Ram,"RAM/hardware-memory family, including RAM, memory, CPU, and GPU tokens.",high,
f62412,12,147642,記憶體,'記憶體',0.10390578,technical context stress,semantic_coherent,RAM/_ram/Ram,"RAM/hardware-memory family, including RAM, memory, CPU, and GPU tokens.",high,
f62412,13,244025, राम,' राम',0.10175104,technical context stress,semantic_coherent,RAM/_ram/Ram,"RAM/hardware-memory family, including RAM, memory, CPU, and GPU tokens.",high,
f62412,14,13453, Memory,' Memory',0.09665188,technical context stress,semantic_coherent,RAM/_ram/Ram,"RAM/hardware-memory family, including RAM, memory, CPU, and GPU tokens.",high,
f62412,15,4779, memory,' memory',0.09585857,technical context stress,semantic_coherent,RAM/_ram/Ram,"RAM/hardware-memory family, including RAM, memory, CPU, and GPU tokens.",high,
f62412,16,30576,CPU,'CPU',0.09358506,technical context stress,semantic_coherent,RAM/_ram/Ram,"RAM/hardware-memory family, including RAM, memory, CPU, and GPU tokens.",high,
f62412,17,241475, Rama,' Rama',0.08934951,technical context stress,semantic_coherent,RAM/_ram/Ram,"RAM/hardware-memory family, including RAM, memory, CPU, and GPU tokens.",high,
f62412,18,36261, Rams,' Rams',0.08768605,technical context stress,semantic_coherent,RAM/_ram/Ram,"RAM/hardware-memory family, including RAM, memory, CPU, and GPU tokens.",high,
f62412,19,21966, GPU,' GPU',0.08736971,technical context stress,semantic_coherent,RAM/_ram/Ram,"RAM/hardware-memory family, including RAM, memory, CPU, and GPU tokens.",high,
f62412,20,78170, MEMORY,' MEMORY',0.08622386,technical context stress,semantic_coherent,RAM/_ram/Ram,"RAM/hardware-memory family, including RAM, memory, CPU, and GPU tokens.",high,
f62519,1,61806, Assuming,' Assuming',0.53842068,verify/assume DLA,semantic_coherent,Assuming,Assuming/assume/assumption family.,high,
f62519,2,24725, assuming,' assuming',0.36978355,verify/assume DLA,semantic_coherent,Assuming,Assuming/assume/assumption family.,high,
f62519,3,63157,assuming,'assuming',0.33359352,verify/assume DLA,semantic_coherent,Assuming,Assuming/assume/assumption family.,high,
f62519,4,20826, assumes,' assumes',0.25477102,verify/assume DLA,semantic_coherent,Assuming,Assuming/assume/assumption family.,high,
f62519,5,60101, Assume,' Assume',0.23948051,verify/assume DLA,semantic_coherent,Assuming,Assuming/assume/assumption family.,high,
f62519,6,9370, assume,' assume',0.21978177,verify/assume DLA,semantic_coherent,Assuming,Assuming/assume/assumption family.,high,
f62519,7,94724, Assumes,' Assumes',0.20186944,verify/assume DLA,semantic_coherent,Assuming,Assuming/assume/assumption family.,high,
f62519,8,28528,uming,'uming',0.19344895,verify/assume DLA,semantic_coherent,Assuming,Assuming/assume/assumption family.,high,
f62519,9,43546,assume,'assume',0.16715132,verify/assume DLA,semantic_coherent,Assuming,Assuming/assume/assumption family.,high,
f62519,10,18533, assumed,' assumed',0.16345808,verify/assume DLA,semantic_coherent,Assuming,Assuming/assume/assumption family.,high,
f62519,11,23571, assumption,' assumption',0.13176766,verify/assume DLA,semantic_coherent,Assuming,Assuming/assume/assumption family.,high,
f62519,12,129619,假定,'假定',0.11228324,verify/assume DLA,semantic_coherent,Assuming,Assuming/assume/assumption family.,high,
f62519,13,110240,假设,'假设',0.10831597,verify/assume DLA,semantic_coherent,Assuming,Assuming/assume/assumption family.,high,
f62519,14,7490, assum,' assum',0.10810714,verify/assume DLA,semantic_coherent,Assuming,Assuming/assume/assumption family.,high,
f62519,15,30800, assumptions,' assumptions',0.10436641,verify/assume DLA,semantic_coherent,Assuming,Assuming/assume/assumption family.,high,
f62519,16,11747, Using,' Using',0.10082752,verify/assume DLA,semantic_coherent,Assuming,Assuming/assume/assumption family.,high,
f62519,17,229596, assumere,' assumere',0.09660540,verify/assume DLA,semantic_coherent,Assuming,Assuming/assume/assumption family.,high,
f62519,18,230766, assumir,' assumir',0.09011184,verify/assume DLA,semantic_coherent,Assuming,Assuming/assume/assumption family.,high,
f62519,19,5439,Ass,'Ass',0.08143468,verify/assume DLA,semantic_coherent,Assuming,Assuming/assume/assumption family.,high,
f62519,20,59959, USING,' USING',0.07741305,verify/assume DLA,semantic_coherent,Assuming,Assuming/assume/assumption family.,high,
f62888,1,13228, acid,' acid',0.49159852,technical context stress,semantic_coherent,acid/acids,Acid/acidity/pH chemistry family.,high,
f62888,2,47484, Acid,' Acid',0.38615841,technical context stress,semantic_coherent,acid/acids,Acid/acidity/pH chemistry family.,high,
f62888,3,55146,acid,'acid',0.31510037,technical context stress,semantic_coherent,acid/acids,Acid/acidity/pH chemistry family.,high,
f62888,4,31779, acids,' acids',0.29495198,technical context stress,semantic_coherent,acid/acids,Acid/acidity/pH chemistry family.,high,
f62888,5,80913, acidic,' acidic',0.23408787,technical context stress,semantic_coherent,acid/acids,Acid/acidity/pH chemistry family.,high,
f62888,6,93582, acidity,' acidity',0.23278444,technical context stress,semantic_coherent,acid/acids,Acid/acidity/pH chemistry family.,high,
f62888,7,96829,酸,'酸',0.23064525,technical context stress,semantic_coherent,acid/acids,Acid/acidity/pH chemistry family.,high,
f62888,8,191251, axit,' axit',0.21945868,technical context stress,semantic_coherent,acid/acids,Acid/acidity/pH chemistry family.,high,
f62888,9,200928, ácido,' ácido',0.21745126,technical context stress,semantic_coherent,acid/acids,Acid/acidity/pH chemistry family.,high,
f62888,10,123817,酸碱,'酸碱',0.20402078,technical context stress,semantic_coherent,acid/acids,Acid/acidity/pH chemistry family.,high,
f62888,11,115268,酸性,'酸性',0.19739550,technical context stress,semantic_coherent,acid/acids,Acid/acidity/pH chemistry family.,high,
f62888,12,164522, кислот,' кислот',0.19128603,technical context stress,semantic_coherent,acid/acids,Acid/acidity/pH chemistry family.,high,
f62888,13,187925, кислоты,' кислоты',0.17952548,technical context stress,semantic_coherent,acid/acids,Acid/acidity/pH chemistry family.,high,
f62888,14,244455,กรด,'กรด',0.17032780,technical context stress,semantic_coherent,acid/acids,Acid/acidity/pH chemistry family.,high,
f62888,15,186401, asam,' asam',0.16777870,technical context stress,semantic_coherent,acid/acids,Acid/acidity/pH chemistry family.,high,
f62888,16,124162,酸的,'酸的',0.16497859,technical context stress,semantic_coherent,acid/acids,Acid/acidity/pH chemistry family.,high,
f62888,17,247753,酸化,'酸化',0.15000172,technical context stress,semantic_coherent,acid/acids,Acid/acidity/pH chemistry family.,high,
f62888,18,199352, кислота,' кислота',0.14393845,technical context stress,semantic_coherent,acid/acids,Acid/acidity/pH chemistry family.,high,
f62888,19,63472, alkal,' alkal',0.13917191,technical context stress,semantic_coherent,acid/acids,Acid/acidity/pH chemistry family.,high,
f62888,20,34849, pH,' pH',0.13607839,technical context stress,semantic_coherent,acid/acids,Acid/acidity/pH chemistry family.,high,
f62935,1,10401, Music,' Music',0.62193489,additional bark/bass margins,semantic_coherent,Music/music,Music/music multilingual family.,high,
f62935,2,23373,Music,'Music',0.53108501,additional bark/bass margins,semantic_coherent,Music/music,Music/music multilingual family.,high,
f62935,3,4477, music,' music',0.52833176,additional bark/bass margins,semantic_coherent,Music/music,Music/music multilingual family.,high,
f62935,4,30141,music,'music',0.44708651,additional bark/bass margins,semantic_coherent,Music/music,Music/music multilingual family.,high,
f62935,5,98833,音乐,'音乐',0.42365485,additional bark/bass margins,semantic_coherent,Music/music,Music/music multilingual family.,high,
f62935,6,109554,音樂,'音樂',0.39815742,additional bark/bass margins,semantic_coherent,Music/music,Music/music multilingual family.,high,
f62935,7,72836, Musik,' Musik',0.36876404,additional bark/bass margins,semantic_coherent,Music/music,Music/music multilingual family.,high,
f62935,8,247241,音楽,'音楽',0.36162931,additional bark/bass margins,semantic_coherent,Music/music,Music/music multilingual family.,high,
f62935,9,114587,的音乐,'的音乐',0.33931744,additional bark/bass margins,semantic_coherent,Music/music,Music/music multilingual family.,high,
f62935,10,72421, MUSIC,' MUSIC',0.33863103,additional bark/bass margins,semantic_coherent,Music/music,Music/music multilingual family.,high,
f62935,11,123504,音乐的,'音乐的',0.32959163,additional bark/bass margins,semantic_coherent,Music/music,Music/music multilingual family.,high,
f62935,12,161481, 음악,' 음악',0.32628918,additional bark/bass margins,semantic_coherent,Music/music,Music/music multilingual family.,high,
f62935,13,174637, musik,' musik',0.32025248,additional bark/bass margins,semantic_coherent,Music/music,Music/music multilingual family.,high,
f62935,14,67965, música,' música',0.30606568,additional bark/bass margins,semantic_coherent,Music/music,Music/music multilingual family.,high,
f62935,15,59778,_music,'_music',0.29608011,additional bark/bass margins,semantic_coherent,Music/music,Music/music multilingual family.,high,
f62935,16,214540, muziek,' muziek',0.27197546,additional bark/bass margins,semantic_coherent,Music/music,Music/music multilingual family.,high,
f62935,17,218204, музыки,' музыки',0.26984006,additional bark/bass margins,semantic_coherent,Music/music,Music/music multilingual family.,high,
f62935,18,73968, musica,' musica',0.26629215,additional bark/bass margins,semantic_coherent,Music/music,Music/music multilingual family.,high,
f62935,19,178874, музыка,' музыка',0.25890595,additional bark/bass margins,semantic_coherent,Music/music,Music/music multilingual family.,high,
f62935,20,242089, Музыка,' Музыка',0.25641829,additional bark/bass margins,semantic_coherent,Music/music,Music/music multilingual family.,high,
f62961,1,38415, malware,' malware',0.65496397,technical context stress,semantic_coherent,malware/Mal,"Malware/security-threat family with malware, phishing, antivirus, malicious, and ransom tokens.",high,
f62961,2,28633,Mal,'Mal',0.18763505,technical context stress,semantic_coherent,malware/Mal,"Malware/security-threat family with malware, phishing, antivirus, malicious, and ransom tokens.",high,
f62961,3,8134, Mal,' Mal',0.16292788,technical context stress,semantic_coherent,malware/Mal,"Malware/security-threat family with malware, phishing, antivirus, malicious, and ransom tokens.",high,
f62961,4,14228,mal,'mal',0.14826329,technical context stress,semantic_coherent,malware/Mal,"Malware/security-threat family with malware, phishing, antivirus, malicious, and ransom tokens.",high,
f62961,5,8377, mal,' mal',0.14235465,technical context stress,semantic_coherent,malware/Mal,"Malware/security-threat family with malware, phishing, antivirus, malicious, and ransom tokens.",high,
f62961,6,85007, MAL,' MAL',0.13101381,technical context stress,semantic_coherent,malware/Mal,"Malware/security-threat family with malware, phishing, antivirus, malicious, and ransom tokens.",high,
f62961,7,94714, phishing,' phishing',0.12081488,technical context stress,semantic_coherent,malware/Mal,"Malware/security-threat family with malware, phishing, antivirus, malicious, and ransom tokens.",high,
f62961,8,85744,MAL,'MAL',0.10470166,technical context stress,semantic_coherent,malware/Mal,"Malware/security-threat family with malware, phishing, antivirus, malicious, and ransom tokens.",high,
f62961,9,76809, antivirus,' antivirus',0.09849539,technical context stress,semantic_coherent,malware/Mal,"Malware/security-threat family with malware, phishing, antivirus, malicious, and ransom tokens.",high,
f62961,10,58605, Malta,' Malta',0.09375600,technical context stress,semantic_coherent,malware/Mal,"Malware/security-threat family with malware, phishing, antivirus, malicious, and ransom tokens.",high,
f62961,11,28708, firmware,' firmware',0.09252915,technical context stress,semantic_coherent,malware/Mal,"Malware/security-threat family with malware, phishing, antivirus, malicious, and ransom tokens.",high,
f62961,12,36908, malicious,' malicious',0.08943328,technical context stress,semantic_coherent,malware/Mal,"Malware/security-threat family with malware, phishing, antivirus, malicious, and ransom tokens.",high,
f62961,13,240390, Маль,' Маль',0.08860155,technical context stress,semantic_coherent,malware/Mal,"Malware/security-threat family with malware, phishing, antivirus, malicious, and ransom tokens.",high,
f62961,14,112101,恶意,'恶意',0.08657288,technical context stress,semantic_coherent,malware/Mal,"Malware/security-threat family with malware, phishing, antivirus, malicious, and ransom tokens.",high,
f62961,15,163268,マル,'マル',0.07927678,technical context stress,semantic_coherent,malware/Mal,"Malware/security-threat family with malware, phishing, antivirus, malicious, and ransom tokens.",high,
f62961,16,222031,ってから,'ってから',0.07863315,technical context stress,semantic_coherent,malware/Mal,"Malware/security-threat family with malware, phishing, antivirus, malicious, and ransom tokens.",high,
f62961,17,60929, scams,' scams',0.07719056,technical context stress,semantic_coherent,malware/Mal,"Malware/security-threat family with malware, phishing, antivirus, malicious, and ransom tokens.",high,
f62961,18,155963,mati,'mati',0.07563882,technical context stress,semantic_coherent,malware/Mal,"Malware/security-threat family with malware, phishing, antivirus, malicious, and ransom tokens.",high,
f62961,19,52820, malt,' malt',0.07469860,technical context stress,semantic_coherent,malware/Mal,"Malware/security-threat family with malware, phishing, antivirus, malicious, and ransom tokens.",high,
f62961,20,55654, ransom,' ransom',0.07402000,technical context stress,semantic_coherent,malware/Mal,"Malware/security-threat family with malware, phishing, antivirus, malicious, and ransom tokens.",high,
f64402,1,110240,假设,'假设',0.52425110,verify/assume DLA,semantic_coherent,assume,Assumption/supposition family across languages.,high,
f64402,2,129619,假定,'假定',0.35525289,verify/assume DLA,semantic_coherent,assume,Assumption/supposition family across languages.,high,
f64402,3,9370, assume,' assume',0.28986576,verify/assume DLA,semantic_coherent,assume,Assumption/supposition family across languages.,high,
f64402,4,20826, assumes,' assumes',0.26663202,verify/assume DLA,semantic_coherent,assume,Assumption/supposition family across languages.,high,
f64402,5,23571, assumption,' assumption',0.26235190,verify/assume DLA,semantic_coherent,assume,Assumption/supposition family across languages.,high,
f64402,6,60101, Assume,' Assume',0.26084182,verify/assume DLA,semantic_coherent,assume,Assumption/supposition family across languages.,high,
f64402,7,24725, assuming,' assuming',0.25549671,verify/assume DLA,semantic_coherent,assume,Assumption/supposition family across languages.,high,
f64402,8,18533, assumed,' assumed',0.24918158,verify/assume DLA,semantic_coherent,assume,Assumption/supposition family across languages.,high,
f64402,9,63157,assuming,'assuming',0.23910122,verify/assume DLA,semantic_coherent,assume,Assumption/supposition family across languages.,high,
f64402,10,43546,assume,'assume',0.23328139,verify/assume DLA,semantic_coherent,assume,Assumption/supposition family across languages.,high,
f64402,11,30800, assumptions,' assumptions',0.22325639,verify/assume DLA,semantic_coherent,assume,Assumption/supposition family across languages.,high,
f64402,12,61806, Assuming,' Assuming',0.19886538,verify/assume DLA,semantic_coherent,assume,Assumption/supposition family across languages.,high,
f64402,13,94724, Assumes,' Assumes',0.19664098,verify/assume DLA,semantic_coherent,assume,Assumption/supposition family across languages.,high,
f64402,14,7490, assum,' assum',0.19019572,verify/assume DLA,semantic_coherent,assume,Assumption/supposition family across languages.,high,
f64402,15,186223, فرض,' فرض',0.16756853,verify/assume DLA,semantic_coherent,assume,Assumption/supposition family across languages.,high,
f64402,16,182331, 가정,' 가정',0.16682066,verify/assume DLA,semantic_coherent,assume,Assumption/supposition family across languages.,high,
f64402,17,96005,设,'设',0.16384822,verify/assume DLA,semantic_coherent,assume,Assumption/supposition family across languages.,high,
f64402,18,116054,设想,'设想',0.15699199,verify/assume DLA,semantic_coherent,assume,Assumption/supposition family across languages.,high,
f64402,19,21778, suppose,' suppose',0.14553009,verify/assume DLA,semantic_coherent,assume,Assumption/supposition family across languages.,high,
f64402,20,232370, Giả,' Giả',0.14545262,verify/assume DLA,semantic_coherent,assume,Assumption/supposition family across languages.,high,
f64688,1,6951, queue,' queue',0.57207972,technical context stress,semantic_coherent,queue/queues,Queue/queued/enqueue/dequeue systems-programming family.,high,
f64688,2,18182, Queue,' Queue',0.44311795,technical context stress,semantic_coherent,queue/queues,Queue/queued/enqueue/dequeue systems-programming family.,high,
f64688,3,4435,queue,'queue',0.43173006,technical context stress,semantic_coherent,queue/queues,Queue/queued/enqueue/dequeue systems-programming family.,high,
f64688,4,7315,Queue,'Queue',0.41010523,technical context stress,semantic_coherent,queue/queues,Queue/queued/enqueue/dequeue systems-programming family.,high,
f64688,5,10524,_queue,'_queue',0.34933510,technical context stress,semantic_coherent,queue/queues,Queue/queued/enqueue/dequeue systems-programming family.,high,
f64688,6,46490, queues,' queues',0.33434713,technical context stress,semantic_coherent,queue/queues,Queue/queued/enqueue/dequeue systems-programming family.,high,
f64688,7,45424,\tqueue,'\tqueue',0.32901016,technical context stress,semantic_coherent,queue/queues,Queue/queued/enqueue/dequeue systems-programming family.,high,
f64688,8,113165,队列,'队列',0.30023885,technical context stress,semantic_coherent,queue/queues,Queue/queued/enqueue/dequeue systems-programming family.,high,
f64688,9,32883,(queue,'(queue',0.30008227,technical context stress,semantic_coherent,queue/queues,Queue/queued/enqueue/dequeue systems-programming family.,high,
f64688,10,34122,_QUEUE,'_QUEUE',0.27572742,technical context stress,semantic_coherent,queue/queues,Queue/queued/enqueue/dequeue systems-programming family.,high,
f64688,11,93887, QUEUE,' QUEUE',0.26216328,technical context stress,semantic_coherent,queue/queues,Queue/queued/enqueue/dequeue systems-programming family.,high,
f64688,12,55249, queued,' queued',0.25826478,technical context stress,semantic_coherent,queue/queues,Queue/queued/enqueue/dequeue systems-programming family.,high,
f64688,13,28631,.queue,'.queue',0.24837834,technical context stress,semantic_coherent,queue/queues,Queue/queued/enqueue/dequeue systems-programming family.,high,
f64688,14,48564,.Queue,'.Queue',0.20129162,technical context stress,semantic_coherent,queue/queues,Queue/queued/enqueue/dequeue systems-programming family.,high,
f64688,15,51953, enqueue,' enqueue',0.19549096,technical context stress,semantic_coherent,queue/queues,Queue/queued/enqueue/dequeue systems-programming family.,high,
f64688,16,28003,QUEUE,'QUEUE',0.19400477,technical context stress,semantic_coherent,queue/queues,Queue/queued/enqueue/dequeue systems-programming family.,high,
f64688,17,40565, deque,' deque',0.17467716,technical context stress,semantic_coherent,queue/queues,Queue/queued/enqueue/dequeue systems-programming family.,high,
f64688,18,73486,queues,'queues',0.17400676,technical context stress,semantic_coherent,queue/queues,Queue/queued/enqueue/dequeue systems-programming family.,high,
f64688,19,80980, dequeue,' dequeue',0.17051487,technical context stress,semantic_coherent,queue/queues,Queue/queued/enqueue/dequeue systems-programming family.,high,
f64688,20,6120,ueue,'ueue',0.15692331,technical context stress,semantic_coherent,queue/queues,Queue/queued/enqueue/dequeue systems-programming family.,high,
